record_id,source_row,street,city,postal_code,country,latitude,longitude,full_name,email,company,campaign,channel,utm_source,consent,lead_score,signup_date,quality_note
mar-000000000,0,Datenstr. 1, Südwinkel ,10000,DE,52.4429161,14.008052,Kim Synthetik,nika.beispiel0@example.invalid,Beispiel GmbH,kampagne-2024-q2,social,synth_mail,,77,2024-01-01,synthetic-normal
mar-000000001,1,Prüfsummenstrasse 2,Westbogen,17919,DE,53.066936,7.2688657,Nika Testmann,toni.muster1@example.invalid,Muster AG,kampagne-2025-q2,email,synth_ads,JA,12,02/01/2024,synthetic-normal
mar-000000002,2,  Datenstraße   3,Ostfeld,25838,DE,51.4955088,13.4305229,Chris Synthetik,sascha.demoholz2@example.invalid,Beispiel GmbH,kampagne-2024-q1,newsletter,synth_mail,true,10,03.01.2024,synthetic-normal
mar-000000003,3,Spaltenweg 4,Westbogen,33757,deu,52.3933313,12.2567469,Kim Synthetik,robin.synthetik3@example.invalid,Testfabrik UG,kampagne-2024-q4,social,,JA,34,04.01.2024,synthetic-normal
mar-000000004,4,Datenstrasse 5,Westbogen,41676,D,49.3348307,7.7410422,Chris Muster,luca.datenberg4@example.invalid,Testfabrik UG,kampagne-2025-q4,social,synth_social,1,31,05/01/2024,synthetic-normal
mar-000000005,5,Prüfsummenstr. 6,Südwinkel,49595,D,47.9909115,6.2334707,Kim Muster,robin.demoholz5@example.invalid,Datenwerk e.K.,kampagne-2024-q2,event,,nein,67,06/01/2024,synthetic-normal
mar-000000006,6,Datenstraße 7,Datenheim,57514,Deutschland,53.1413504,8.9296144,Toni Datenberg,robin.datenberg6@example.invalid,Beispiel GmbH,kampagne-2025-q1,referral,synth_mail,,13,07/01/2024,synthetic-normal
mar-000000007,7,Qualitätsring 8,Südwinkel,65433,DE,51.8519788,10.2951725,Kim Testmann,toni.muster7@example.invalid,Beispiel GmbH,kampagne-2024-q4,referral,synth_ads,no,93,2024/01/08,synthetic-normal
mar-000000008,8,Vektorallee 9,Datenheim,73352,deu,49.3144304,13.826384,Nika Muster,sascha.demoholz8@example.invalid,Synthetika KG,kampagne-2025-q3,newsletter,synth_social,nein,66,2024/01/09,synthetic-normal
mar-000000009,9,Koordinatenplatz 10, Südwinkel ,81271,deu,47.3546504,12.3121367,Alex Muster,kim.beispiel9@example.invalid,Synthetika KG,kampagne-2024-q2,referral,synth_mail,true,85,2024/01/10,synthetic-normal
mar-000000010,10,Spaltenweg 11,Ostfeld,89190,deu,48.0168761,11.8626413,Chris Datenberg,nika.datenberg10@example.invalid,Testfabrik UG,kampagne-2024-q1,newsletter,synth_ads,yes,51,11/01/2024,synthetic-normal
mar-000000011,11,Qualitätsring 12,Südwinkel,17109,D,48.6945091,200.0,Kim Datenberg,,Demo Solutions GmbH,kampagne-2024-q1,email,synth_mail,1,hoch,2024/01/12,synthetic-error
mar-000000012,12,  Vektorallee   13,Ostfeld,25028,Deutschland,54.3415374,13.0231901,Toni Datenberg,luca.muster12@example.invalid,Muster AG,kampagne-2025-q1,social,synth_ads,,7,13/01/2024,synthetic-normal
mar-000000013,13,Koordinatenplatz 10 , SÜDWINKEL ,81271,deu,47.3546504,12.3121367,Alex Muster,kim.beispiel9@example.invalid,Synthetika KG,kampagne-2024-q2,referral,synth_mail,true,85,2024/01/10,synthetic-normal
mar-000000014,14,Datenstraße 15,Nordhafen,40866,DE,52.4316154,7.9638758,Kim Synthetik,sascha.synthetik14@example.invalid,Demo Solutions GmbH,kampagne-2024-q1,referral,synth_ads,JA,84,15/01/2024,synthetic-normal
mar-000000015,15,Koordinatenplatz 16,Südwinkel,48785,Deutschland,50.7749068,14.3469687,Kim Beispiel,luca.synthetik15@example.invalid,Demo Solutions GmbH,kampagne-2024-q2,email,synth_mail,,33,16.01.2024,synthetic-normal
mar-000000016,16,Qualitätsring 17,Ostfeld,56704,Deutschland,51.948751,14.8825442,Alex Demoholz,toni.demoholz16@example.invalid,Beispiel GmbH,kampagne-2024-q3,search,synth_ads,no,95,17.01.2024,synthetic-normal
mar-000000017,17,Koordinatenplatz 18,Westbogen,64623,D,49.2085215,14.1550632,Alex Beispiel,nika.testmann17@example.invalid,Beispiel GmbH,kampagne-2024-q1,search,synth_mail,true,20,2024/01/18,synthetic-normal
mar-000000018,18,Datenstraße 19, Vektorstetten ,72542,deu,51.4464862,13.4782742,Robin Datenberg,robin.beispiel18@example.invalid,Synthetika KG,kampagne-2025-q2,email,synth_social,0,87,19.01.2024,synthetic-normal
mar-000000019,19,Prüfsummenstrasse 20,Südwinkel,80461,deu,54.7191659,13.2590998,Nika Beispiel,robin.demoholz19@example.invalid,Synthetika KG,kampagne-2025-q3,newsletter,synth_mail,true,20,2024-01-20,synthetic-normal
mar-000000020,20,Spaltenweg 21,,88380,Deutschland,49.6194506,13.1171786,Sascha Muster, alex.demoholz20@example.invalid ,Datenwerk e.K.,kampagne-2025-q2,search,synth_ads,true,,2024/01/21,synthetic-error
mar-000000021,21,Schemaweg 22,Westbogen,16299,DE,48.1238594,200.0,Chris Datenberg,keine-angabe,Muster AG,kampagne-2025-q1,email,,yes,250,22/01/2024,synthetic-error
mar-000000022,22,Koordinatenplatz 23,Westbogen,24218,Deutschland,52.3683861,8.8008827,Toni Synthetik,robin.muster22@example.invalid,Datenwerk e.K.,kampagne-2025-q3,newsletter,synth_mail,true,51,2024-01-23,synthetic-normal
mar-000000023,23,  Koordinatenplatz   24,Vektorstetten,32137,deu,51.1849224,13.1023657,Robin Demoholz,kim.testmann23@example.invalid,Demo Solutions GmbH,kampagne-2025-q2,email,synth_mail,true,28,24.01.2024,synthetic-normal
mar-000000024,24,Spaltenweg 25,,40056,deu,52.759429,9.3326019,Nika Muster,,Beispiel GmbH,kampagne-2024-q2,event,synth_mail,1,hoch,2024-01-25,synthetic-error
mar-000000025,25,Spaltenweg 26,Vektorstetten,47975,Deutschland,54.520301,14.0011185,Nika Synthetik,luca.muster25@example.invalid,Testfabrik UG,kampagne-2025-q4,event,synth_social,0,81,26/01/2024,synthetic-normal
mar-000000026,26,Qualitätsring 27,Vektorstetten,55894,Deutschland,49.0821512,8.8897973,Kim Muster,robin.muster26@example.invalid,Datenwerk e.K.,kampagne-2024-q3,newsletter,synth_mail,no,53,2024/01/27,synthetic-normal
mar-000000027,27,Datenstrasse 28, Ostfeld ,63813,DE,53.8111634,12.8434701,Nika Datenberg,alex.testmann27@example.invalid,Synthetika KG,kampagne-2025-q3,event,synth_mail,nein,28,28/01/2024,synthetic-normal
mar-000000028,28,  Koordinatenplatz   29,Ostfeld,71732,deu,10.7139374,54.753487,Nika Synthetik,,Datenwerk e.K.,kampagne-2024-q3,event,synth_mail,yes,,2024/01/29,synthetic-error
mar-000000029,29,Prüfsummenstr. 30,Ostfeld,79651,Deutschland,53.645323,10.1268229,Alex Testmann,sascha.demoholz29@example.invalid,Beispiel GmbH,kampagne-2024-q1,email,synth_mail,0,2,30.01.2024,synthetic-normal
mar-000000030,30,Pipelineweg 31,Westbogen,87570,Deutschland,48.5751975,11.3866769,Kim Muster,toni.beispiel30@example.invalid,Demo Solutions GmbH,kampagne-2024-q1,search,,JA,91,31.01.2024,synthetic-normal
mar-000000031,31,Koordinatenplatz 23,Westbogen,24218,Deutschland,52.3683861,8.8008827,Toni Synthetik,robin.muster22@example.invalid,Datenwerk e.K.,kampagne-2025-q3,newsletter,synth_mail,true,51,2024-01-23,synthetic-normal
mar-000000032,32,Schemaweg 33,Datenheim,23408,DE,49.9387486,9.7410777,Chris Beispiel,chris.beispiel32@example.invalid,Datenwerk e.K.,kampagne-2025-q4,email,,false,81,2024/02/02,synthetic-normal
mar-000000033,33,  Schemaweg   34,Vektorstetten,31327,Deutschland,49.7495148,8.0585556,Kim Testmann,luca.muster33@example.invalid,Datenwerk e.K.,kampagne-2025-q3,search,synth_ads,nein,41,03.02.2024,synthetic-normal
mar-000000034,34,Schemaweg 35,Datenheim,39246,Deutschland,51.5240118,10.5529707,Sascha Beispiel,sascha.demoholz34@example.invalid,Datenwerk e.K.,kampagne-2025-q4,referral,synth_mail,nein,82,2024/02/04,synthetic-normal
mar-000000035,35,Schemaweg 36,Südwinkel,47165,Deutschland,9.1949881,52.3460962,Chris Datenberg,,Datenwerk e.K.,kampagne-2025-q1,search,synth_social,0,-5,05.02.2024,synthetic-error
mar-000000036,36,Vektorallee 37, Ostfeld ,55084,Deutschland,52.806846,14.7847846,Toni Beispiel,sascha.testmann36@example.invalid,Muster AG,kampagne-2025-q2,social,synth_social,yes,90,06.02.2024,synthetic-normal
mar-000000037,37,Schemaweg 38,Ostfeld,63003,DE,53.93267,11.0813908,Luca Datenberg,luca.testmann37@example.invalid,Muster AG,kampagne-2024-q1,search,,no,8,2024/02/07,synthetic-normal
mar-000000038,38,Datenstrasse 39,Datenheim,70922,Deutschland,47.9473749,8.0833568,Nika Synthetik,sascha.synthetik38@example.invalid,Datenwerk e.K.,kampagne-2025-q4,event,synth_social,JA,39,2024-02-08,synthetic-normal
mar-000000039,39,Qualitätsring 40,Nordhafen,78841,deu,49.1229754,10.8783287,Robin Beispiel,nika.datenberg39@example.invalid,Testfabrik UG,kampagne-2025-q4,search,synth_ads,0,36,09/02/2024,synthetic-normal
mar-000000040,40,Qualitätsring 41,Vektorstetten,86760,deu,50.5310561,10.8099739,Robin Testmann,robin.beispiel40@example.invalid,Beispiel GmbH,kampagne-2024-q3,search,synth_social,nein,15,2024/02/10,synthetic-normal
mar-000000041,41,  Schemaweg   42,Datenheim,14679,DE,54.059614,12.5577121,Toni Beispiel,kim.muster41@example.invalid,Testfabrik UG,kampagne-2024-q1,newsletter,synth_social,yes,97,11.02.2024,synthetic-normal
mar-000000042,42,Schemaweg 43,Ostfeld,22598,D,54.6648198,10.1240956,Nika Testmann,chris.demoholz42@example.invalid,Beispiel GmbH,kampagne-2024-q3,search,,nein,36,2024/02/12,synthetic-normal
mar-000000043,43,Spaltenweg 44,Westbogen,30517,DE,54.6734039,9.5184105,Alex Demoholz,luca.datenberg43@example.invalid,Beispiel GmbH,kampagne-2024-q4,referral,synth_social,nein,80,2024/02/13,synthetic-normal
mar-000000044,44,Vektorallee 45,Vektorstetten,38436,D,48.2228382,14.7529507,Sascha Demoholz,robin.testmann44@example.invalid,Demo Solutions GmbH,kampagne-2024-q1,referral,,no,28,2024-02-14,synthetic-normal
mar-000000045,45,  Vektorallee   46, Westbogen ,46355,Deutschland,10.2389961,50.4577266,Luca Muster, luca.synthetik45@example.invalid ,Datenwerk e.K.,kampagne-2024-q4,referral,synth_mail,no,,2024/02/15,synthetic-error
mar-000000046,46,Datenstr. 47,Datenheim,54274,D,53.8759805,9.908236,Luca Testmann,chris.synthetik46@example.invalid,Demo Solutions GmbH,kampagne-2025-q3,event,synth_social,0,89,16.02.2024,synthetic-normal
mar-000000047,47,Prüfsummenstraße 48,Ostfeld,62193,D,50.2341985,11.9059372,Robin Datenberg,alex.muster47@example.invalid,Demo Solutions GmbH,kampagne-2025-q2,email,,no,67,2024/02/17,synthetic-normal
mar-000000048,48,Koordinatenplatz 10 , SÜDWINKEL ,81271,deu,47.3546504,12.3121367,Alex Muster,kim.beispiel9@example.invalid,Synthetika KG,kampagne-2024-q2,referral,synth_mail,true,85,2024/01/10,synthetic-normal
mar-000000049,49,Spaltenweg 50,Vektorstetten,78031,D,52.2387586,13.6362407,Nika Testmann,luca.synthetik49@example.invalid,Beispiel GmbH,kampagne-2024-q2,social,synth_social,0,95,2024-02-19,synthetic-normal
mar-000000050,50,  Pipelineweg   51,,85950,DE,47.6495314,13.1245199,Toni Testmann, chris.datenberg50@example.invalid ,Muster AG,kampagne-2025-q3,referral,synth_mail,1,250,2024-02-20,synthetic-error
mar-000000051,51,  Qualitätsring   52,Südwinkel,13869,deu,50.8047393,8.1365915,Toni Demoholz,alex.datenberg51@example.invalid,Synthetika KG,kampagne-2024-q3,email,,false,75,21/02/2024,synthetic-normal
mar-000000052,52,  Schemaweg   53,Südwinkel,21788,D,53.7853495,6.7812101,Nika Synthetik,chris.synthetik52@example.invalid,Synthetika KG,kampagne-2025-q1,email,,true,1,2024-02-22,synthetic-normal
mar-000000053,53,Schemaweg 54,Westbogen,29707,deu,52.1382959,11.5121987,Robin Demoholz,kim.demoholz53@example.invalid,Testfabrik UG,kampagne-2024-q1,search,,yes,74,23/02/2024,synthetic-normal
mar-000000054,54,Schemaweg 55, Südwinkel ,37626,deu,-100,10.7625514,Chris Synthetik,toni.muster54(at)example.invalid,Datenwerk e.K.,kampagne-2025-q1,newsletter,synth_social,no,hoch,2024-02-24,synthetic-error
mar-000000055,55,Prüfsummenstr. 56,Ostfeld,45545,DE,49.3098852,6.9370164,Chris Demoholz,toni.synthetik55@example.invalid,Datenwerk e.K.,kampagne-2025-q2,email,synth_mail,nein,3,25/02/2024,synthetic-normal
mar-000000056,56,  Pipelineweg   57,Westbogen,53464,D,48.1867371,6.2171907,Alex Testmann,luca.beispiel56@example.invalid,Beispiel GmbH,kampagne-2024-q4,referral,synth_mail,JA,58,26/02/2024,synthetic-normal
mar-000000057,57,Prüfsummenstrasse 58,Vektorstetten,61383,DE,53.6360674,11.4640004,Toni Beispiel,chris.muster57@example.invalid,Datenwerk e.K.,kampagne-2025-q4,social,synth_social,no,87,27/02/2024,synthetic-normal
mar-000000058,58,Koordinatenplatz 59,Südwinkel,69302,DE,54.512482,13.382558,Kim Demoholz,sascha.demoholz58@example.invalid,Testfabrik UG,kampagne-2024-q1,email,synth_social,0,16,28.02.2024,synthetic-normal
mar-000000059,59,Koordinatenplatz 10 , SÜDWINKEL ,81271,deu,47.3546504,12.3121367,Alex Muster,kim.beispiel9@example.invalid,Synthetika KG,kampagne-2024-q2,referral,synth_mail,true,85,2024/01/10,synthetic-normal
mar-000000060,60,Qualitätsring 61,Datenheim,85140,DE,49.4072888,14.8530588,Robin Synthetik,toni.muster60@example.invalid,Beispiel GmbH,kampagne-2024-q1,social,synth_ads,false,100,01.03.2024,synthetic-normal
mar-000000061,61,Schemaweg 62,Ostfeld,13059,DE,52.9670561,-220.0,Chris Synthetik,keine-angabe,Muster AG,kampagne-2024-q1,newsletter,synth_social,nein,-5,2024-03-02,synthetic-error
mar-000000062,62,Spaltenweg 63,Westbogen,20978,deu,47.799185,200.0,Chris Datenberg,keine-angabe,Demo Solutions GmbH,kampagne-2025-q3,email,synth_ads,,250,2024/03/03,synthetic-error
mar-000000063,63,  Prüfsummenstraße   64, Westbogen ,28897,D,49.6751791,8.1449861,Robin Demoholz,luca.beispiel63@example.invalid,Beispiel GmbH,kampagne-2024-q2,email,,no,95,04/03/2024,synthetic-normal
mar-000000064,64,Koordinatenplatz 65,Vektorstetten,36816,D,53.8975003,12.4337582,Toni Synthetik,toni.testmann64@example.invalid,Beispiel GmbH,kampagne-2024-q4,social,,0,13,05/03/2024,synthetic-normal
mar-000000065,65,Schemaweg 66,Datenheim,44735,DE,51.9283614,11.8520473,Toni Beispiel,robin.testmann65@example.invalid,Testfabrik UG,kampagne-2025-q1,search,synth_social,yes,23,06.03.2024,synthetic-normal
mar-000000066,66,Vektorallee 67,Datenheim,52654,deu,50.1590775,9.9735413,Robin Testmann,toni.demoholz66@example.invalid,Synthetika KG,kampagne-2024-q2,email,synth_mail,1,96,2024-03-07,synthetic-normal
mar-000000067,67,  Prüfsummenstraße   68,Ostfeld,60573,Deutschland,48.9383241,10.513586,Chris Datenberg,kim.testmann67@example.invalid,Testfabrik UG,kampagne-2025-q4,referral,synth_social,yes,28,2024/03/08,synthetic-normal
mar-000000068,68,Qualitätsring 69,Südwinkel,68492,Deutschland,49.4997982,200.0,Luca Demoholz, nika.muster68@example.invalid ,Datenwerk e.K.,kampagne-2024-q4,referral,synth_social,no,hoch,2024-03-09,synthetic-error
mar-000000069,69,  Koordinatenplatz   70,Vektorstetten,76411,D,49.5003156,-220.0,Chris Muster,luca.demoholz69(at)example.invalid,Beispiel GmbH,kampagne-2025-q3,email,synth_mail,JA,hoch,2024-03-10,synthetic-error
mar-000000070,70,Vektorallee 71,Nordhafen,84330,deu,54.1850128,9.0142524,Robin Muster,kim.muster70@example.invalid,Synthetika KG,kampagne-2024-q4,social,synth_mail,no,22,2024/03/11,synthetic-normal
mar-000000071,71,Spaltenweg 72,Vektorstetten,12249,Deutschland,48.4472763,6.4282336,Luca Demoholz,toni.testmann71@example.invalid,Demo Solutions GmbH,kampagne-2024-q1,search,synth_ads,true,59,2024/03/12,synthetic-normal
mar-000000072,72,Prüfsummenstraße 48,Ostfeld,62193,D,50.2341985,11.9059372,Robin Datenberg,alex.muster47@example.invalid,Demo Solutions GmbH,kampagne-2025-q2,email,,no,67,2024/02/17,synthetic-normal
mar-000000073,73,Qualitätsring 12,Südwinkel,17109,D,48.6945091,200.0,Kim Datenberg,,Demo Solutions GmbH,kampagne-2024-q1,email,synth_mail,1,hoch,2024/01/12,synthetic-error
mar-000000074,74,  Datenstraße   75,Datenheim,36006,deu,49.7436034,10.1757871,Robin Beispiel,luca.beispiel74@example.invalid,Synthetika KG,kampagne-2024-q2,referral,synth_mail,yes,31,2024/03/15,synthetic-normal
mar-000000075,75,Vektorallee 76,Westbogen,43925,D,50.4066474,8.9129778,Alex Demoholz,chris.beispiel75@example.invalid,Synthetika KG,kampagne-2024-q2,referral,,true,32,16.03.2024,synthetic-normal
mar-000000076,76,Vektorallee 77,Vektorstetten,51844,D,48.2800326,12.3212729,Kim Testmann,nika.demoholz76@example.invalid,Synthetika KG,kampagne-2024-q3,newsletter,synth_ads,JA,65,17/03/2024,synthetic-normal
mar-000000077,77,Qualitätsring 40 ,NORDHAFEN,78841,deu,49.1229754,10.8783287,Robin Beispiel,nika.datenberg39@example.invalid,Testfabrik UG,kampagne-2025-q4,search,synth_ads,0,36,09/02/2024,synthetic-normal
mar-000000078,78,Spaltenweg 79,Südwinkel,67682,deu,47.8864546,13.5687412,Kim Synthetik,alex.demoholz78@example.invalid,Synthetika KG,kampagne-2024-q3,referral,,1,20,19.03.2024,synthetic-normal
mar-000000079,79,  Vektorallee   80,Westbogen,75601,deu,54.6688734,11.4174779,Luca Muster,sascha.testmann79@example.invalid,Datenwerk e.K.,kampagne-2024-q4,search,,nein,98,20/03/2024,synthetic-normal
mar-000000080,80,Prüfsummenstrasse 81,Datenheim,83520,deu,53.9348146,6.2800542,Luca Testmann,kim.demoholz80@example.invalid,Demo Solutions GmbH,kampagne-2024-q2,search,synth_ads,1,34,2024/03/21,synthetic-normal
mar-000000081,81,Prüfsummenstraße 82, Südwinkel ,11439,D,54.0231863,14.3603417,Nika Beispiel,nika.synthetik81@example.invalid,Synthetika KG,kampagne-2024-q4,event,synth_ads,false,28,2024-03-22,synthetic-normal
mar-000000082,82,Koordinatenplatz 83,Westbogen,19358,D,7.0768928,52.5901471,Luca Datenberg,ALEX.BEISPIEL82@EXAMPLE.INVALID,Synthetika KG,kampagne-2024-q4,social,,no,,23.03.2024,synthetic-error
mar-000000083,83,Spaltenweg 84,Ostfeld,27277,DE,52.1028576,11.0904366,Robin Testmann,nika.beispiel83@example.invalid,Demo Solutions GmbH,kampagne-2025-q2,social,,1,85,2024-03-24,synthetic-normal
mar-000000084,84,  Datenstraße   85,Nordhafen,35196,D,54.7558996,8.1335824,Alex Testmann,kim.testmann84@example.invalid,Muster AG,kampagne-2024-q2,referral,synth_social,1,5,25/03/2024,synthetic-normal
mar-000000085,85,  Vektorallee   86,Ostfeld,43115,deu,53.4673824,6.3805249,Luca Beispiel,toni.muster85@example.invalid,Beispiel GmbH,kampagne-2024-q4,email,synth_social,true,65,2024/03/26,synthetic-normal
mar-000000086,86,Schemaweg 87,Südwinkel,51034,Deutschland,50.0130037,12.9837424,Chris Testmann,kim.testmann86@example.invalid,Datenwerk e.K.,kampagne-2025-q3,newsletter,,JA,43,27.03.2024,synthetic-normal
mar-000000087,87,Schemaweg 88,Nordhafen,58953,D,51.8786451,13.3655398,Toni Testmann,kim.beispiel87@example.invalid,Synthetika KG,kampagne-2025-q1,search,,JA,21,2024/03/28,synthetic-normal
mar-000000088,88,  Koordinatenplatz   89,Nordhafen,66872,DE,52.4009976,,Robin Beispiel,,Datenwerk e.K.,kampagne-2024-q1,social,synth_ads,0,,29/03/2024,synthetic-error
mar-000000089,89,Prüfsummenstrasse 20,Südwinkel,80461,deu,54.7191659,13.2590998,Nika Beispiel,robin.demoholz19@example.invalid,Synthetika KG,kampagne-2025-q3,newsletter,synth_mail,true,20,2024-01-20,synthetic-normal
mar-000000090,90,Pipelineweg 91, Ostfeld ,82710,Deutschland,52.2366616,8.0964272,Kim Beispiel,robin.datenberg90@example.invalid,Demo Solutions GmbH,kampagne-2025-q3,referral,synth_ads,true,99,31/03/2024,synthetic-normal
mar-000000091,91,  Schemaweg   92,Südwinkel,10629,DE,50.7355244,14.0678471,Luca Beispiel,chris.demoholz91@example.invalid,Synthetika KG,kampagne-2024-q2,referral,synth_social,true,20,01.04.2024,synthetic-normal
mar-000000092,92,Pipelineweg 93,Südwinkel,18548,D,47.4997586,10.8969972,Chris Datenberg,robin.synthetik92@example.invalid,Beispiel GmbH,kampagne-2024-q2,search,,nein,67,2024/04/02,synthetic-normal
mar-000000093,93,Pipelineweg 94,Vektorstetten,26467,DE,50.7198062,12.0570027,Chris Muster,robin.muster93@example.invalid,Datenwerk e.K.,kampagne-2024-q1,email,synth_mail,true,21,03.04.2024,synthetic-normal
mar-000000094,94,Koordinatenplatz 95,Westbogen,34386,deu,52.1264339,10.867741,Robin Demoholz,toni.synthetik94@example.invalid,Demo Solutions GmbH,kampagne-2024-q2,referral,synth_mail,1,21,04/04/2024,synthetic-normal
mar-000000095,95,Datenstraße 96,Vektorstetten,42305,Deutschland,52.2485878,12.8560228,Nika Synthetik,alex.datenberg95@example.invalid,Testfabrik UG,kampagne-2025-q1,newsletter,synth_social,nein,31,2024/04/05,synthetic-normal
mar-000000096,96,Datenstrasse 97,Ostfeld,999999,D,48.8505749,11.3812744,Chris Demoholz,chris.demoholz96(at)example.invalid,Datenwerk e.K.,kampagne-2024-q3,search,synth_ads,false,250,2024/04/06,synthetic-error
mar-000000097,97,Datenstr. 98,Datenheim,58143,D,49.1868541,13.760829,Robin Testmann,chris.muster0@example.invalid,Muster AG,kampagne-2025-q4,referral,,nein,39,2024/04/07,synthetic-normal
mar-000000098,98,  Pipelineweg   51,,85950,DE,47.6495314,13.1245199,Toni Testmann, chris.datenberg50@example.invalid ,Muster AG,kampagne-2025-q3,referral,synth_mail,1,250,2024-02-20,synthetic-error
mar-000000099,99,Koordinatenplatz 100, Ostfeld ,73981,D,49.4716877,5.8752321,Kim Datenberg,robin.testmann2@example.invalid,Testfabrik UG,kampagne-2025-q2,event,synth_social,yes,51,2024-04-09,synthetic-normal
mar-000000100,100,Schemaweg 101,Ostfeld,81900,Deutschland,53.572366,11.5338225,Kim Muster,kim.datenberg3@example.invalid,Synthetika KG,kampagne-2025-q2,referral,synth_social,1,25,2024/04/10,synthetic-normal
mar-000000101,101,Vektorallee 102,Datenheim,89819,D,48.4319491,200.0,Robin Testmann,chris.muster@,Demo Solutions GmbH,kampagne-2025-q1,referral,synth_social,,hoch,11/04/2024,synthetic-error
mar-000000102,102,Prüfsummenstr. 103,Vektorstetten,17738,DE,51.8365131,8.24288,Sascha Demoholz,alex.synthetik5@example.invalid,Datenwerk e.K.,kampagne-2024-q3,referral,,1,87,12.04.2024,synthetic-normal
mar-000000103,103,Prüfsummenstrasse 20 ,SÜDWINKEL,80461,deu,54.7191659,13.2590998,Nika Beispiel,robin.demoholz19@example.invalid,Synthetika KG,kampagne-2025-q3,newsletter,synth_mail,true,20,2024-01-20,synthetic-normal
mar-000000104,104,Qualitätsring 41 ,VEKTORSTETTEN,86760,deu,50.5310561,10.8099739,Robin Testmann,robin.beispiel40@example.invalid,Beispiel GmbH,kampagne-2024-q3,search,synth_social,nein,15,2024/02/10,synthetic-normal
mar-000000105,105,Spaltenweg 106,Datenheim,41495,deu,51.5627395,14.9827304,Luca Synthetik,nika.testmann8@example.invalid,Muster AG,kampagne-2025-q4,referral,synth_social,,45,15/04/2024,synthetic-normal
mar-000000106,106,Qualitätsring 107,Südwinkel,49414,Deutschland,53.1609244,12.2850886,Luca Testmann,luca.testmann9@example.invalid,Demo Solutions GmbH,kampagne-2025-q1,search,synth_ads,,48,2024/04/16,synthetic-normal
mar-000000107,107,Vektorallee 108,Vektorstetten,57333,DE,49.9323627,9.8698602,Toni Demoholz,luca.muster10@example.invalid,Muster AG,kampagne-2025-q1,referral,synth_social,1,13,17.04.2024,synthetic-normal
mar-000000108,108,Qualitätsring 109, Ostfeld ,65252,Deutschland,52.7519212,6.7250131,Robin Beispiel,robin.datenberg11@example.invalid,Testfabrik UG,kampagne-2025-q4,event,synth_mail,true,41,18/04/2024,synthetic-normal
mar-000000109,109,Pipelineweg 110,Vektorstetten,73171,DE,54.2405459,7.4105959,Robin Beispiel,nika.datenberg12@example.invalid,Muster AG,kampagne-2025-q1,email,synth_ads,true,72,2024-04-19,synthetic-normal
mar-000000110,110,  Spaltenweg   111,Südwinkel,81090,D,49.3735618,13.2410877,Chris Muster,luca.demoholz13@example.invalid,Synthetika KG,kampagne-2024-q3,email,synth_social,true,72,20.04.2024,synthetic-normal
mar-000000111,111,  Prüfsummenstraße   112,Nordhafen,89009,D,52.3863445,7.499987,Robin Datenberg,chris.muster14@example.invalid,Beispiel GmbH,kampagne-2025-q1,event,synth_mail,nein,96,21/04/2024,synthetic-normal
mar-000000112,112,Datenstr. 113,Vektorstetten,16928,deu,47.7721449,6.8876686,Toni Muster,nika.demoholz15@example.invalid,Demo Solutions GmbH,kampagne-2025-q1,newsletter,synth_ads,true,47,22.04.2024,synthetic-normal
mar-000000113,113,  Vektorallee   114,Datenheim,24847,Deutschland,50.4604267,10.8529575,Luca Synthetik,sascha.muster16@example.invalid,Testfabrik UG,kampagne-2024-q2,referral,,,90,23/04/2024,synthetic-normal
mar-000000114,114,Prüfsummenstrasse 48 ,OSTFELD,62193,D,50.2341985,11.9059372,Robin Datenberg,alex.muster47@example.invalid,Demo Solutions GmbH,kampagne-2025-q2,email,,no,67,2024/02/17,synthetic-normal
mar-000000115,115,Qualitätsring 116,Datenheim,40685,D,48.1834242,7.6896937,Luca Beispiel,luca.beispiel18@example.invalid,Datenwerk e.K.,kampagne-2024-q3,referral,,nein,72,2024-04-25,synthetic-normal
mar-000000116,116,Schemaweg 117,Nordhafen,48604,deu,51.6951656,6.2166662,Chris Demoholz,kim.synthetik19@example.invalid,Beispiel GmbH,kampagne-2024-q2,event,synth_ads,true,52,26.04.2024,synthetic-normal
mar-000000117,117,Prüfsummenstr. 118, Ostfeld ,56523,D,53.9091142,14.1422593,Nika Beispiel,robin.demoholz20@example.invalid,Synthetika KG,kampagne-2024-q2,social,,,16,27.04.2024,synthetic-normal
mar-000000118,118,  Schemaweg   119,Datenheim,64442,D,51.3426954,13.374916,Sascha Datenberg,chris.muster21@example.invalid,Synthetika KG,kampagne-2024-q4,newsletter,synth_ads,yes,84,2024/04/28,synthetic-normal
mar-000000119,119,Datenstrasse 120,Nordhafen,72361,DE,50.6929521,11.9826175,Alex Muster,alex.datenberg22@example.invalid,Datenwerk e.K.,kampagne-2024-q4,referral,synth_mail,yes,17,29/04/2024,synthetic-normal
mar-000000120,120,Koordinatenplatz 121,Südwinkel,80280,deu,50.4430576,8.3314161,Robin Demoholz,nika.synthetik23@example.invalid,Datenwerk e.K.,kampagne-2024-q1,search,,,40,2024/04/30,synthetic-normal
mar-000000121,121,  Vektorallee   122,Südwinkel,88199,Deutschland,53.8173134,7.1280361,Luca Beispiel,nika.datenberg24@example.invalid,Demo Solutions GmbH,kampagne-2024-q3,event,synth_mail,true,26,01/05/2024,synthetic-normal
mar-000000122,122,Koordinatenplatz 123,Südwinkel,16118,DE,49.3403081,11.9977817,Alex Beispiel,sascha.synthetik25@example.invalid,Testfabrik UG,kampagne-2024-q4,event,synth_mail,false,38,2024-05-02,synthetic-normal
mar-000000123,123,  Pipelineweg   124,Vektorstetten,24037,deu,50.3144037,8.0018448,Chris Testmann,nika.datenberg26@example.invalid,Demo Solutions GmbH,kampagne-2025-q2,search,synth_social,false,65,2024/05/03,synthetic-normal
mar-000000124,124,Spaltenweg 125,Westbogen,31956,Deutschland,50.4458693,10.9752275,Sascha Demoholz,robin.beispiel27@example.invalid,Synthetika KG,kampagne-2025-q3,search,synth_mail,0,42,04.05.2024,synthetic-normal
mar-000000125,125,Spaltenweg 126,Ostfeld,39875,D,50.8023004,12.5415046,Chris Muster,robin.demoholz28@example.invalid,Demo Solutions GmbH,kampagne-2025-q4,social,synth_ads,,4,2024-05-05,synthetic-normal
mar-000000126,126,  Datenstraße   127, Vektorstetten ,47794,deu,47.8165564,7.1894727,Sascha Synthetik,luca.testmann29@example.invalid,Beispiel GmbH,kampagne-2025-q4,newsletter,,yes,0,2024/05/06,synthetic-normal
mar-000000127,127,  Prüfsummenstraße   68,Ostfeld,60573,Deutschland,48.9383241,10.513586,Chris Datenberg,kim.testmann67@example.invalid,Testfabrik UG,kampagne-2025-q4,referral,synth_social,yes,28,2024/03/08,synthetic-normal
mar-000000128,128,Prüfsummenstrasse 129,Nordhafen,63632,deu,49.1313631,11.5019838,Toni Testmann,toni.datenberg31@example.invalid,Beispiel GmbH,kampagne-2025-q2,event,,0,89,08.05.2024,synthetic-normal
mar-000000129,129,Pipelineweg 130,Ostfeld,71551,D,51.5005309,6.3162574,Alex Demoholz,robin.beispiel32@example.invalid,Datenwerk e.K.,kampagne-2025-q3,newsletter,synth_social,no,67,2024-05-09,synthetic-normal
mar-000000130,130,Spaltenweg 131,Nordhafen,79470,Deutschland,54.1347685,10.9842907,Alex Muster,chris.beispiel33@example.invalid,Muster AG,kampagne-2024-q3,newsletter,,no,38,10.05.2024,synthetic-normal
mar-000000131,131,Prüfsummenstr. 132,Vektorstetten,87389,deu,53.3077854,12.141657,Kim Synthetik,chris.beispiel34@example.invalid,Beispiel GmbH,kampagne-2025-q3,social,synth_ads,false,77,2024/05/11,synthetic-normal
mar-000000132,132,  Schemaweg   133,Westbogen,15308,D,50.5820444,12.0531927,Nika Beispiel,toni.muster35@example.invalid,Testfabrik UG,kampagne-2024-q2,email,synth_social,1,48,12.05.2024,synthetic-normal
mar-000000133,133,Pipelineweg 134,Westbogen,23227,D,50.035373,8.2818513,Robin Beispiel,robin.datenberg36@example.invalid,Datenwerk e.K.,kampagne-2025-q3,email,synth_ads,no,45,2024-05-13,synthetic-normal
mar-000000134,134,Prüfsummenstraße 135,Ostfeld,31146,DE,52.8088132,10.9477362,Sascha Synthetik,robin.demoholz37@example.invalid,Datenwerk e.K.,kampagne-2024-q3,social,synth_social,true,34,2024/05/14,synthetic-normal
mar-000000135,135,  Schemaweg   136, Nordhafen ,39065,Deutschland,49.212918,8.0686286,Luca Synthetik,sascha.datenberg38@example.invalid,Beispiel GmbH,kampagne-2024-q3,search,synth_ads,JA,42,2024/05/15,synthetic-normal
mar-000000136,136,  Koordinatenplatz   137,Vektorstetten,46984,deu,49.5833082,11.3495437,Sascha Datenberg,chris.muster39@example.invalid,Datenwerk e.K.,kampagne-2025-q2,search,,0,41,2024/05/16,synthetic-normal
mar-000000137,137,Koordinatenplatz 138,Südwinkel,54903,deu,52.481016,10.8609122,Luca Demoholz,sascha.datenberg40@example.invalid,Synthetika KG,kampagne-2024-q2,event,,1,81,17/05/2024,synthetic-normal
mar-000000138,138,  Prüfsummenstraße   139,Datenheim,62822,D,51.7250545,10.7161801,Nika Synthetik,alex.testmann41@example.invalid,Testfabrik UG,kampagne-2024-q2,email,synth_mail,false,21,2024-05-18,synthetic-normal
mar-000000139,139,Prüfsummenstr. 140,Ostfeld,70741,DE,47.3801631,8.180393,Sascha Datenberg,chris.datenberg42@example.invalid,Datenwerk e.K.,kampagne-2024-q3,search,synth_ads,nein,13,19/05/2024,synthetic-normal
mar-000000140,140,Pipelineweg 141,Westbogen,78660,D,53.260452,10.5942564,Chris Datenberg,kim.datenberg43@example.invalid,Testfabrik UG,kampagne-2025-q4,search,synth_ads,true,5,2024-05-20,synthetic-normal
mar-000000141,141,Schemaweg 88,Nordhafen,58953,D,51.8786451,13.3655398,Toni Testmann,kim.beispiel87@example.invalid,Synthetika KG,kampagne-2025-q1,search,,JA,21,2024/03/28,synthetic-normal
mar-000000142,142,Qualitätsring 143,Westbogen,14498,D,54.5843159,7.933071,Nika Demoholz,robin.muster45@example.invalid,Testfabrik UG,kampagne-2025-q3,event,synth_ads,0,57,2024/05/22,synthetic-normal
mar-000000143,143,Qualitätsring 144,Nordhafen,22417,DE,53.3762179,10.7393789,Chris Testmann,sascha.datenberg46@example.invalid,Beispiel GmbH,kampagne-2025-q1,newsletter,,,81,23/05/2024,synthetic-normal
mar-000000144,144,Pipelineweg 145, Ostfeld ,30336,deu,53.4844107,12.2950929,Toni Synthetik,kim.demoholz47@example.invalid,Muster AG,kampagne-2025-q2,email,synth_mail,true,14,24.05.2024,synthetic-normal
mar-000000145,145,  Prüfsummenstraße   146,Datenheim,38255,D,50.5150947,10.277366,Robin Synthetik,robin.datenberg48@example.invalid,Synthetika KG,kampagne-2024-q3,social,synth_social,nein,79,2024-05-25,synthetic-normal
mar-000000146,146,Spaltenweg 147,Ostfeld,46174,D,50.409421,10.3238781,Luca Datenberg,robin.beispiel49@example.invalid,Demo Solutions GmbH,kampagne-2024-q1,social,synth_social,yes,35,26.05.2024,synthetic-normal
mar-000000147,147,  Spaltenweg   148,Nordhafen,54093,DE,49.3359557,10.7965769,Chris Synthetik,alex.demoholz50@example.invalid,Datenwerk e.K.,kampagne-2024-q4,event,synth_ads,0,38,2024-05-27,synthetic-normal
mar-000000148,148,  Pipelineweg   149,Nordhafen,62012,deu,48.8950741,12.5860394,Chris Demoholz,nika.muster51@example.invalid,Demo Solutions GmbH,kampagne-2024-q3,social,synth_mail,yes,72,28/05/2024,synthetic-normal
mar-000000149,149,Vektorallee 150,Westbogen,69931,Deutschland,51.6527904,14.5620556,Kim Muster,nika.beispiel52@example.invalid,Synthetika KG,kampagne-2024-q3,newsletter,synth_mail,0,18,29/05/2024,synthetic-normal
mar-000000150,150,  Prüfsummenstraße   151,Vektorstetten,77850,Deutschland,52.0713774,9.2515854,Kim Demoholz,kim.datenberg53@example.invalid,Demo Solutions GmbH,kampagne-2025-q1,newsletter,synth_social,nein,62,30/05/2024,synthetic-normal
mar-000000151,151,  Pipelineweg   152,Vektorstetten,85769,Deutschland,53.7608074,13.1202369,Nika Muster,nika.muster54@example.invalid,Datenwerk e.K.,kampagne-2025-q1,search,synth_social,false,70,31.05.2024,synthetic-normal
mar-000000152,152,Koordinatenplatz 153,Vektorstetten,13688,D,47.4237383,14.3507825,Robin Datenberg,luca.beispiel55@example.invalid,Datenwerk e.K.,kampagne-2024-q4,newsletter,synth_mail,true,20,01/06/2024,synthetic-normal
mar-000000153,153,Pipelineweg 154, Vektorstetten ,21607,deu,47.6935833,11.5555593,Sascha Datenberg,kim.demoholz56@example.invalid,Beispiel GmbH,kampagne-2024-q1,social,,no,16,02.06.2024,synthetic-normal
mar-000000154,154,Datenstr. 155,Ostfeld,29526,deu,50.9305218,7.9063112,Kim Demoholz,kim.beispiel57@example.invalid,Synthetika KG,kampagne-2025-q2,search,synth_mail,JA,99,03.06.2024,synthetic-normal
mar-000000155,155,Pipelineweg 156,Südwinkel,37445,D,49.9690267,7.7601102,Robin Datenberg,luca.muster58@example.invalid,Beispiel GmbH,kampagne-2024-q2,social,synth_ads,JA,44,2024/06/04,synthetic-normal
mar-000000156,156,Schemaweg 157,Datenheim,45364,Deutschland,53.2201694,12.1523799,Toni Muster,sascha.demoholz59@example.invalid,Datenwerk e.K.,kampagne-2025-q1,newsletter,synth_ads,0,63,2024/06/05,synthetic-normal
mar-000000157,157,Pipelineweg 158,Westbogen,53283,deu,50.2399707,13.5185544,Nika Testmann,robin.datenberg60@example.invalid,Beispiel GmbH,kampagne-2024-q1,referral,synth_ads,yes,33,06.06.2024,synthetic-normal
mar-000000158,158,Koordinatenplatz 16,Südwinkel,48785,Deutschland,50.7749068,14.3469687,Kim Beispiel,luca.synthetik15@example.invalid,Demo Solutions GmbH,kampagne-2024-q2,email,synth_mail,,33,16.01.2024,synthetic-normal
mar-000000159,159,  Prüfsummenstraße   160,Nordhafen,69121,deu,49.4087548,8.6511433,Sascha Muster,chris.datenberg62@example.invalid,Demo Solutions GmbH,kampagne-2024-q2,search,,0,7,08.06.2024,synthetic-normal
mar-000000160,160,Spaltenweg 161,Vektorstetten,77040,deu,48.2077669,12.3126856,Alex Muster,luca.testmann63@example.invalid,Demo Solutions GmbH,kampagne-2025-q1,social,synth_social,1,95,09/06/2024,synthetic-normal
mar-000000161,161,Datenstr. 162,Westbogen,12,DE,49.2984173,14.7704654,Kim Datenberg,luca.synthetik64(at)example.invalid,Beispiel GmbH,kampagne-2025-q4,referral,synth_mail,false,250,10/06/2024,synthetic-error
mar-000000162,162,Datenstraße 163, Ostfeld ,12878,Deutschland,50.210644,7.1807789,Alex Synthetik,nika.muster65@example.invalid,Synthetika KG,kampagne-2024-q4,event,synth_social,true,9,11/06/2024,synthetic-normal
mar-000000163,163,Datenstrasse 164,Datenheim,20797,DE,54.5510035,6.4341232,Luca Testmann,toni.testmann66@example.invalid,Beispiel GmbH,kampagne-2025-q4,email,synth_social,0,37,12/06/2024,synthetic-normal
mar-000000164,164,  Koordinatenplatz   165,Südwinkel,28716,deu,48.4443045,14.3780573,Alex Muster,chris.demoholz67@example.invalid,Testfabrik UG,kampagne-2024-q1,search,synth_ads,JA,94,13/06/2024,synthetic-normal
mar-000000165,165,  Qualitätsring   166,Nordhafen,36635,deu,52.7085588,6.6558451,Sascha Synthetik,nika.demoholz68@example.invalid,Synthetika KG,kampagne-2025-q4,newsletter,synth_ads,no,64,14.06.2024,synthetic-normal
mar-000000166,166,  Datenstraße   167,Südwinkel,44554,deu,49.5167378,13.6284061,Nika Demoholz,chris.testmann69@example.invalid,Datenwerk e.K.,kampagne-2025-q1,social,synth_ads,0,17,2024-06-15,synthetic-normal
mar-000000167,167,Spaltenweg 168,Datenheim,52473,Deutschland,54.6312239,7.7102533,Toni Datenberg,toni.beispiel70@example.invalid,Beispiel GmbH,kampagne-2024-q3,newsletter,synth_social,yes,27,16/06/2024,synthetic-normal
mar-000000168,168,  Koordinatenplatz   169,Vektorstetten,60392,Deutschland,49.2772676,14.9142249,Alex Datenberg,luca.synthetik71@example.invalid,Testfabrik UG,kampagne-2024-q4,email,,no,17,2024-06-17,synthetic-normal
mar-000000169,169,  Pipelineweg   57 ,WESTBOGEN,53464,D,48.1867371,6.2171907,Alex Testmann,luca.beispiel56@example.invalid,Beispiel GmbH,kampagne-2024-q4,referral,synth_mail,JA,58,26/02/2024,synthetic-normal
mar-000000170,170,Pipelineweg 171,Nordhafen,76230,DE,54.8784268,7.6193031,Luca Muster,kim.testmann73@example.invalid,Beispiel GmbH,kampagne-2024-q1,event,synth_ads,1,73,2024/06/19,synthetic-normal
mar-000000171,171,  Datenstraße   172, Südwinkel ,84149,Deutschland,48.9318424,7.5217902,Toni Datenberg,robin.beispiel74@example.invalid,Demo Solutions GmbH,kampagne-2024-q4,newsletter,synth_social,nein,52,2024/06/20,synthetic-normal
mar-000000172,172,Spaltenweg 72 ,VEKTORSTETTEN,12249,Deutschland,48.4472763,6.4282336,Luca Demoholz,toni.testmann71@example.invalid,Demo Solutions GmbH,kampagne-2024-q1,search,synth_ads,true,59,2024/03/12,synthetic-normal
mar-000000173,173,Qualitätsring 174,Vektorstetten,19987,Deutschland,50.9456017,12.989203,Chris Synthetik,chris.datenberg76@example.invalid,Synthetika KG,kampagne-2024-q3,email,synth_social,0,3,22/06/2024,synthetic-normal
mar-000000174,174,Koordinatenplatz 121,Südwinkel,80280,deu,50.4430576,8.3314161,Robin Demoholz,nika.synthetik23@example.invalid,Datenwerk e.K.,kampagne-2024-q1,search,,,40,2024/04/30,synthetic-normal
mar-000000175,175,Vektorallee 176,Südwinkel,35825,Deutschland,51.3560407,13.0793824,Alex Muster,nika.testmann78@example.invalid,Muster AG,kampagne-2024-q3,social,synth_social,false,75,2024-06-24,synthetic-normal
mar-000000176,176,Vektorallee 177,Ostfeld,43744,Deutschland,48.6342314,6.1492664,Alex Muster,sascha.beispiel79@example.invalid,Demo Solutions GmbH,kampagne-2025-q4,email,synth_social,0,16,25/06/2024,synthetic-normal
mar-000000177,177,Koordinatenplatz 178,Datenheim,51663,deu,53.1851854,13.5876242,Chris Beispiel,chris.demoholz80@example.invalid,Testfabrik UG,kampagne-2025-q3,referral,synth_ads,false,38,26/06/2024,synthetic-normal
mar-000000178,178,  Prüfsummenstraße   179,Südwinkel,59582,Deutschland,48.9966028,11.2183414,Robin Datenberg,toni.demoholz81@example.invalid,Testfabrik UG,kampagne-2025-q1,social,synth_mail,yes,89,2024/06/27,synthetic-normal
mar-000000179,179,Datenstrasse 180,Datenheim,67501,deu,52.1613155,6.7578141,Luca Muster,chris.demoholz82@example.invalid,Beispiel GmbH,kampagne-2024-q4,search,synth_social,1,81,2024-06-28,synthetic-normal
mar-000000180,180,  Koordinatenplatz   181, Südwinkel ,75420,deu,52.5681382,9.0244267,Kim Demoholz,alex.beispiel83@example.invalid,Datenwerk e.K.,kampagne-2025-q4,newsletter,,1,52,2024/06/29,synthetic-normal
mar-000000181,181,Prüfsummenstraße 182,Datenheim,83339,deu,48.5361895,6.4781264,Alex Testmann,alex.testmann84@example.invalid,Synthetika KG,kampagne-2024-q2,email,synth_social,1,48,30.06.2024,synthetic-normal
mar-000000182,182,Pipelineweg 183,Datenheim,11258,D,52.6542353,9.7681747,Robin Synthetik,nika.muster85@example.invalid,Beispiel GmbH,kampagne-2024-q2,search,synth_mail,0,52,01/07/2024,synthetic-normal
mar-000000183,183,Pipelineweg 184,Datenheim,19177,D,48.4672835,9.1196261,Nika Beispiel,toni.demoholz86@example.invalid,Testfabrik UG,kampagne-2025-q4,social,synth_ads,yes,26,02.07.2024,synthetic-normal
mar-000000184,184,Spaltenweg 185,Ostfeld,27096,D,51.0171358,11.8815685,Kim Demoholz,nika.muster87@example.invalid,Synthetika KG,kampagne-2025-q3,search,synth_mail,nein,5,03/07/2024,synthetic-normal
mar-000000185,185,Schemaweg 186,Vektorstetten,35015,DE,47.9513756,8.9628808,Nika Synthetik,sascha.synthetik88@example.invalid,Beispiel GmbH,kampagne-2025-q3,referral,,,87,2024/07/04,synthetic-normal
mar-000000186,186,Schemaweg 187,Vektorstetten,42934,DE,51.1159712,14.0841866,Robin Beispiel,luca.muster89@example.invalid,Muster AG,kampagne-2024-q4,social,synth_mail,yes,54,2024-07-05,synthetic-normal
mar-000000187,187,Vektorallee 188,Vektorstetten,50853,DE,47.9614086,10.9185507,Chris Testmann,luca.beispiel90@example.invalid,Testfabrik UG,kampagne-2025-q3,email,,1,18,2024-07-06,synthetic-normal
mar-000000188,188,Pipelineweg 189,Westbogen,58772,D,49.3074384,11.8240466,Luca Beispiel,robin.testmann91@example.invalid,Datenwerk e.K.,kampagne-2024-q3,referral,,yes,50,07/07/2024,synthetic-normal
mar-000000189,189,Spaltenweg 190, Nordhafen ,66691,Deutschland,53.512133,200.0,Toni Datenberg, kim.muster92@example.invalid ,Synthetika KG,kampagne-2025-q4,search,synth_social,JA,-5,08.07.2024,synthetic-error
mar-000000190,190,Spaltenweg 191,Datenheim,74610,deu,47.798689,12.3280385,Nika Muster,alex.muster93@example.invalid,Muster AG,kampagne-2024-q4,email,synth_mail,yes,58,2024-07-09,synthetic-normal
mar-000000191,191,Schemaweg 192,Datenheim,82529,D,52.1291145,6.9396303,Alex Muster,chris.datenberg94@example.invalid,Demo Solutions GmbH,kampagne-2025-q4,social,,,44,10/07/2024,synthetic-normal
mar-000000192,192,Pipelineweg 193,Nordhafen,10448,deu,53.7890421,12.9744372,Sascha Muster,sascha.demoholz95@example.invalid,Muster AG,kampagne-2025-q1,newsletter,,,2,2024-07-11,synthetic-normal
mar-000000193,193,Vektorallee 194,Datenheim,18367,Deutschland,52.7168277,12.3261874,Toni Datenberg,nika.testmann96@example.invalid,Datenwerk e.K.,kampagne-2025-q1,social,,true,86,2024/07/12,synthetic-normal
mar-000000194,194,Koordinatenplatz 195,,26286,D,47.7851616,14.8929209,Chris Testmann,,Testfabrik UG,kampagne-2025-q1,social,synth_mail,,250,2024-07-13,synthetic-error
mar-000000195,195,Vektorallee 196,Westbogen,34205,Deutschland,54.1925279,9.5223098,Alex Synthetik,sascha.testmann1@example.invalid,Testfabrik UG,kampagne-2024-q4,newsletter,,false,64,14/07/2024,synthetic-normal
mar-000000196,196,Vektorallee 197,Südwinkel,42124,Deutschland,52.8114184,10.9430912,Robin Demoholz,chris.demoholz2@example.invalid,Beispiel GmbH,kampagne-2024-q4,search,synth_mail,true,53,15/07/2024,synthetic-normal
mar-000000197,197,Spaltenweg 198,Vektorstetten,50043,DE,50.8888696,7.589803,Kim Demoholz,nika.synthetik3@example.invalid,Synthetika KG,kampagne-2025-q3,email,synth_mail,1,25,16/07/2024,synthetic-normal
mar-000000198,198,Spaltenweg 199, Vektorstetten ,57962,deu,53.2199529,10.2857438,Robin Testmann,alex.beispiel4@example.invalid,Datenwerk e.K.,kampagne-2025-q1,social,synth_mail,1,62,2024-07-17,synthetic-normal
mar-000000199,199,  Prüfsummenstraße   200,Ostfeld,65881,D,47.3354854,10.7107999,Chris Beispiel,chris.synthetik5@example.invalid,Muster AG,kampagne-2024-q1,newsletter,synth_ads,0,28,18/07/2024,synthetic-normal
mar-000000200,200,Schemaweg 201,Nordhafen,73800,Deutschland,-100,9.9945221,Chris Datenberg,robin.testmann@,Synthetika KG,kampagne-2024-q4,social,,yes,250,19.07.2024,synthetic-error
mar-000000201,201,Vektorallee 202,Vektorstetten,81719,DE,50.1514625,11.690954,Alex Synthetik,alex.demoholz7@example.invalid,Beispiel GmbH,kampagne-2024-q1,email,synth_ads,JA,56,2024/07/20,synthetic-normal
mar-000000202,202,Vektorallee 203,Vektorstetten,89638,DE,49.5884851,11.8873141,Toni Synthetik,robin.datenberg8@example.invalid,Beispiel GmbH,kampagne-2024-q2,search,synth_ads,no,63,21.07.2024,synthetic-normal
mar-000000203,203,Qualitätsring 204,Westbogen,17557,deu,47.5994834,10.3664634,Sascha Demoholz,luca.testmann9@example.invalid,Muster AG,kampagne-2024-q1,email,synth_ads,no,73,2024/07/22,synthetic-normal
mar-000000204,204,Pipelineweg 205,Vektorstetten,12,deu,50.7713094,14.7910768,Toni Datenberg, alex.beispiel10@example.invalid ,Beispiel GmbH,kampagne-2025-q1,search,synth_social,JA,-5,2024-07-23,synthetic-error
mar-000000205,205,Vektorallee 206,Ostfeld,33395,Deutschland,53.9764141,6.6551521,Chris Muster,kim.datenberg11@example.invalid,Datenwerk e.K.,kampagne-2025-q4,search,,nein,53,24.07.2024,synthetic-normal
mar-000000206,206,Datenstrasse 207,Datenheim,41314,D,53.3972124,12.0412169,Robin Synthetik,nika.testmann12@example.invalid,Demo Solutions GmbH,kampagne-2024-q1,newsletter,synth_mail,nein,62,2024-07-25,synthetic-normal
mar-000000207,207,Pipelineweg 208, Nordhafen ,49233,deu,54.7320062,11.9625681,Chris Synthetik,kim.datenberg13@example.invalid,Testfabrik UG,kampagne-2024-q4,event,synth_social,JA,19,2024-07-26,synthetic-normal
mar-000000208,208,Qualitätsring 41,Vektorstetten,86760,deu,50.5310561,10.8099739,Robin Testmann,robin.beispiel40@example.invalid,Beispiel GmbH,kampagne-2024-q3,search,synth_social,nein,15,2024/02/10,synthetic-normal
mar-000000209,209,Vektorallee 210,Westbogen,65071,deu,49.8148008,8.3590456,Sascha Synthetik,nika.datenberg15@example.invalid,Muster AG,kampagne-2024-q2,event,,nein,11,2024/07/28,synthetic-normal
mar-000000210,210,Spaltenweg 211,Ostfeld,72990,DE,5.8015614,51.5341957,Kim Synthetik,keine-angabe,Muster AG,kampagne-2025-q4,search,synth_social,yes,250,2024/07/29,synthetic-error
mar-000000211,211,Spaltenweg 212,Nordhafen,80909,DE,53.0708316,7.8400734,Chris Testmann,toni.synthetik17@example.invalid,Demo Solutions GmbH,kampagne-2025-q2,newsletter,synth_ads,yes,21,2024/07/30,synthetic-normal
mar-000000212,212,Prüfsummenstraße 213,Südwinkel,88828,deu,48.2176681,13.6401882,Sascha Datenberg,sascha.demoholz18@example.invalid,Synthetika KG,kampagne-2024-q2,event,synth_ads,no,98,2024/07/31,synthetic-normal
mar-000000213,213,  Vektorallee   214,Vektorstetten,16747,DE,51.5045201,9.7818555,Luca Synthetik,robin.demoholz19@example.invalid,Demo Solutions GmbH,kampagne-2024-q3,newsletter,synth_mail,no,49,01/08/2024,synthetic-normal
mar-000000214,214,Qualitätsring 215,Westbogen,24666,Deutschland,50.7416274,7.0270208,Nika Synthetik,toni.demoholz20@example.invalid,Demo Solutions GmbH,kampagne-2025-q2,newsletter,synth_mail,0,26,02/08/2024,synthetic-normal
mar-000000215,215,Vektorallee 216,Vektorstetten,32585,Deutschland,52.6986807,12.7991302,Luca Synthetik,nika.demoholz21@example.invalid,Testfabrik UG,kampagne-2025-q1,event,synth_ads,,13,2024-08-03,synthetic-normal
mar-000000216,216,Datenstrasse 217, Südwinkel ,40504,Deutschland,not-a-number,7.1471412,Alex Demoholz,keine-angabe,Beispiel GmbH,kampagne-2025-q2,event,synth_ads,,250,2024/08/04,synthetic-error
mar-000000217,217,  Prüfsummenstraße   218,Vektorstetten,48423,Deutschland,120,6.2949802,Toni Muster,,Testfabrik UG,kampagne-2025-q2,referral,synth_mail,0,,2024/08/05,synthetic-error
mar-000000218,218,  Pipelineweg   219,Westbogen,56342,Deutschland,48.2885056,11.1726717,Toni Beispiel,chris.datenberg24@example.invalid,Testfabrik UG,kampagne-2024-q3,email,synth_mail,false,76,2024-08-06,synthetic-normal
mar-000000219,219,  Schemaweg   220,Datenheim,64261,Deutschland,47.853894,12.3106704,Sascha Muster,kim.synthetik25@example.invalid,Muster AG,kampagne-2025-q3,referral,,no,44,07.08.2024,synthetic-normal
mar-000000220,220,Koordinatenplatz 1,Datenheim,72180,D,54.8743962,13.3779333,Alex Beispiel,chris.datenberg26@example.invalid,Muster AG,kampagne-2024-q4,email,synth_social,JA,14,2024/08/08,synthetic-normal
mar-000000221,221,Datenstr. 2,Datenheim,80099,D,50.9997158,8.5271925,Sascha Testmann,kim.beispiel27@example.invalid,Muster AG,kampagne-2024-q1,newsletter,synth_ads,0,85,09.08.2024,synthetic-normal
mar-000000222,222,Pipelineweg 3,Vektorstetten,88018,D,52.2138648,14.4457102,Robin Beispiel,luca.demoholz28@example.invalid,Synthetika KG,kampagne-2024-q1,email,synth_ads,yes,22,10/08/2024,synthetic-normal
mar-000000223,223,Qualitätsring 4,Ostfeld,15937,D,50.5909903,5.9553969,Kim Synthetik,alex.demoholz29@example.invalid,Testfabrik UG,kampagne-2024-q2,newsletter,synth_ads,no,45,2024-08-11,synthetic-normal
mar-000000224,224,Pipelineweg 5,Ostfeld,23856,D,50.3028608,11.8786531,Luca Muster,sascha.muster30@example.invalid,Testfabrik UG,kampagne-2025-q3,referral,synth_social,1,38,12/08/2024,synthetic-normal
mar-000000225,225,Vektorallee 6, Datenheim ,ABCDE,D,51.3823556,14.5122104,Toni Muster,chris.muster@,Testfabrik UG,kampagne-2024-q3,social,synth_mail,0,,13.08.2024,synthetic-error
mar-000000226,226,  Datenstraße   7,Nordhafen,39694,Deutschland,52.4048079,8.1063261,Sascha Demoholz,luca.testmann32@example.invalid,Synthetika KG,kampagne-2024-q3,newsletter,synth_mail,no,36,2024-08-14,synthetic-normal
mar-000000227,227,Spaltenweg 8,Westbogen,47613,deu,51.5981953,9.1533396,Chris Datenberg,robin.beispiel33@example.invalid,Synthetika KG,kampagne-2024-q4,social,,true,46,15.08.2024,synthetic-normal
mar-000000228,228,  Spaltenweg   9,Westbogen,55532,D,51.4927059,7.4170855,Kim Testmann,robin.synthetik34@example.invalid,Muster AG,kampagne-2025-q1,newsletter,synth_ads,no,2,2024-08-16,synthetic-normal
mar-000000229,229,Qualitätsring 10,Datenheim,63451,D,52.2697019,7.1674234,Nika Muster,toni.muster35@example.invalid,Datenwerk e.K.,kampagne-2024-q2,event,synth_social,,1,17.08.2024,synthetic-normal
mar-000000230,230,Vektorallee 11,Südwinkel,71370,deu,52.8929905,10.2482314,Chris Beispiel,sascha.datenberg36@example.invalid,Muster AG,kampagne-2024-q2,search,synth_social,0,5,18.08.2024,synthetic-normal
mar-000000231,231,  Prüfsummenstraße   12,Nordhafen,79289,DE,54.7524823,8.7814542,Toni Demoholz,toni.synthetik37@example.invalid,Demo Solutions GmbH,kampagne-2024-q3,event,,false,75,2024-08-19,synthetic-normal
mar-000000232,232,  Qualitätsring   13,Westbogen,87208,D,53.3241966,13.9619819,Alex Synthetik,robin.datenberg38@example.invalid,Muster AG,kampagne-2024-q4,email,synth_social,0,19,20.08.2024,synthetic-normal
mar-000000233,233,Pipelineweg 14,Westbogen,15127,DE,50.9595265,10.2050947,Sascha Synthetik,robin.demoholz39@example.invalid,Datenwerk e.K.,kampagne-2024-q1,social,synth_ads,1,73,21.08.2024,synthetic-normal
mar-000000234,234,Vektorallee 15, Südwinkel ,23046,D,51.8551172,10.9851633,Alex Demoholz,toni.beispiel40@example.invalid,Muster AG,kampagne-2025-q4,referral,,nein,21,22.08.2024,synthetic-normal
mar-000000235,235,Vektorallee 16,Vektorstetten,30965,Deutschland,54.3098748,11.2881069,Kim Muster,nika.datenberg41@example.invalid,Muster AG,kampagne-2024-q2,email,synth_mail,,64,2024/08/23,synthetic-normal
mar-000000236,236,  Vektorallee   17,Datenheim,38884,DE,53.97092,10.6891555,Kim Beispiel,luca.demoholz42@example.invalid,Muster AG,kampagne-2024-q1,newsletter,,,53,24/08/2024,synthetic-normal
mar-000000237,237,Prüfsummenstrasse 18,Ostfeld,46803,D,49.9639354,13.2025136,Kim Datenberg,robin.testmann43@example.invalid,Datenwerk e.K.,kampagne-2024-q4,email,synth_social,,52,25/08/2024,synthetic-normal
mar-000000238,238,Datenstraße 19,Ostfeld,54722,deu,52.5270272,8.7062958,Chris Beispiel,robin.datenberg44@example.invalid,Testfabrik UG,kampagne-2025-q1,search,,false,78,26/08/2024,synthetic-normal
mar-000000239,239,  Qualitätsring   20,Datenheim,62641,D,48.6582689,10.9436632,Luca Testmann,toni.synthetik45@example.invalid,Synthetika KG,kampagne-2025-q3,newsletter,synth_mail,no,95,27.08.2024,synthetic-normal
mar-000000240,240,Vektorallee 21,Ostfeld,70560,Deutschland,53.3864884,11.4490334,Alex Muster,nika.demoholz46@example.invalid,Beispiel GmbH,kampagne-2024-q2,social,,JA,11,2024-08-28,synthetic-normal
mar-000000241,241,  Datenstraße   22,Ostfeld,78479,Deutschland,52.7082043,11.2967476,Robin Demoholz,luca.datenberg47@example.invalid,Beispiel GmbH,kampagne-2024-q4,newsletter,synth_social,0,4,29.08.2024,synthetic-normal
mar-000000242,242,Koordinatenplatz 23,Südwinkel,86398,DE,54.8758103,12.9729905,Chris Demoholz,nika.datenberg48@example.invalid,Demo Solutions GmbH,kampagne-2024-q4,referral,synth_ads,no,11,30/08/2024,synthetic-normal
mar-000000243,243,Koordinatenplatz 24, Westbogen ,14317,deu,51.9083619,7.5896318,Nika Synthetik,alex.testmann49@example.invalid,Muster AG,kampagne-2025-q3,referral,synth_ads,,9,31/08/2024,synthetic-normal
mar-000000244,244,Schemaweg 25,Ostfeld,22236,D,12.7687542,53.1517507,Luca Demoholz,LUCA.SYNTHETIK50@EXAMPLE.INVALID,Datenwerk e.K.,kampagne-2024-q2,search,synth_ads,JA,250,01.09.2024,synthetic-error
mar-000000245,245,Datenstr. 26,Nordhafen,30155,D,52.4201042,13.3538871,Kim Synthetik,robin.datenberg51@example.invalid,Synthetika KG,kampagne-2025-q2,social,synth_social,1,95,02.09.2024,synthetic-normal
mar-000000246,246,Qualitätsring 27,Südwinkel,38074,deu,53.6561438,9.0754518,Kim Beispiel,kim.demoholz52@example.invalid,Testfabrik UG,kampagne-2025-q4,referral,synth_ads,,5,2024/09/03,synthetic-normal
mar-000000247,247,  Schemaweg   28,Datenheim,45993,Deutschland,50.3238842,12.7015583,Robin Beispiel,nika.datenberg53@example.invalid,Demo Solutions GmbH,kampagne-2024-q1,referral,synth_social,JA,87,04.09.2024,synthetic-normal
mar-000000248,248,Spaltenweg 29,Nordhafen,53912,deu,50.1836528,6.72688,Chris Synthetik,toni.muster54@example.invalid,Demo Solutions GmbH,kampagne-2025-q1,social,synth_social,nein,78,05/09/2024,synthetic-normal
mar-000000249,249,  Qualitätsring   30,Westbogen,61831,Deutschland,53.7928783,8.3725917,Robin Synthetik,robin.synthetik55@example.invalid,Testfabrik UG,kampagne-2024-q4,email,synth_social,0,71,2024/09/06,synthetic-normal
mar-000000250,250,  Vektorallee   31,Südwinkel,69750,D,51.0969435,14.9591683,Chris Datenberg,toni.testmann56@example.invalid,Demo Solutions GmbH,kampagne-2024-q1,event,synth_ads,1,7,07.09.2024,synthetic-normal
mar-000000251,251,  Pipelineweg   32,Westbogen,77669,Deutschland,50.03833,10.9289217,Toni Testmann,alex.datenberg57@example.invalid,Beispiel GmbH,kampagne-2025-q2,newsletter,synth_mail,,22,08/09/2024,synthetic-normal
mar-000000252,252,  Spaltenweg   33, Ostfeld ,85588,Deutschland,50.8245158,14.6006688,Robin Demoholz,chris.datenberg58@example.invalid,Testfabrik UG,kampagne-2025-q3,email,synth_ads,1,43,09.09.2024,synthetic-normal
mar-000000253,253,  Schemaweg   34,Ostfeld,13507,Deutschland,52.9840058,10.5926084,Luca Datenberg,robin.muster59@example.invalid,Beispiel GmbH,kampagne-2024-q3,newsletter,synth_mail,true,95,2024-09-10,synthetic-normal
mar-000000254,254,Pipelineweg 35,Ostfeld,21426,DE,47.5003733,9.4525152,Kim Beispiel,toni.synthetik60@example.invalid,Muster AG,kampagne-2024-q2,newsletter,,true,29,11.09.2024,synthetic-normal
mar-000000255,255,Vektorallee 36,Südwinkel,29345,DE,47.5671779,9.0829394,Chris Datenberg,luca.synthetik61@example.invalid,Synthetika KG,kampagne-2025-q4,social,synth_mail,nein,80,2024/09/12,synthetic-normal
mar-000000256,256,Schemaweg 37,Südwinkel,37264,DE,50.6581383,9.1652066,Toni Muster,toni.beispiel62@example.invalid,Beispiel GmbH,kampagne-2024-q3,search,synth_social,nein,68,2024-09-13,synthetic-normal
mar-000000257,257,Spaltenweg 38,Ostfeld,45183,Deutschland,51.8372285,13.1302599,Chris Muster,nika.synthetik63@example.invalid,Datenwerk e.K.,kampagne-2025-q3,social,synth_mail,JA,48,14.09.2024,synthetic-normal
mar-000000258,258,Qualitätsring 39,Vektorstetten,53102,Deutschland,50.4380695,13.6520346,Robin Muster,toni.beispiel64@example.invalid,Testfabrik UG,kampagne-2025-q4,referral,,true,89,2024/09/15,synthetic-normal
mar-000000259,259,Datenstraße 40,Nordhafen,61021,Deutschland,49.345883,,Alex Muster,KIM.MUSTER65@EXAMPLE.INVALID,Datenwerk e.K.,kampagne-2024-q4,search,,true,hoch,16/09/2024,synthetic-error
mar-000000260,260,Vektorallee 41,Ostfeld,68940,DE,51.4282588,7.4707544,Toni Datenberg,alex.beispiel66@example.invalid,Testfabrik UG,kampagne-2024-q4,event,,0,94,2024-09-17,synthetic-normal
mar-000000261,261,Pipelineweg 42, Vektorstetten ,76859,Deutschland,54.4152359,7.2592252,Alex Demoholz,kim.testmann67@example.invalid,Datenwerk e.K.,kampagne-2025-q1,social,synth_social,yes,85,18.09.2024,synthetic-normal
mar-000000262,262,Prüfsummenstr. 43,Westbogen,84778,DE,50.3081431,8.0364219,Alex Synthetik,luca.demoholz68@example.invalid,Demo Solutions GmbH,kampagne-2024-q3,search,synth_ads,0,20,2024/09/19,synthetic-normal
mar-000000263,263,Datenstraße 44,Südwinkel,12697,DE,48.2562887,7.9406066,Chris Datenberg,sascha.beispiel69@example.invalid,Testfabrik UG,kampagne-2025-q3,search,synth_mail,true,5,2024/09/20,synthetic-normal
mar-000000264,264,Spaltenweg 45,Datenheim,20616,Deutschland,49.7599747,10.1092314,Robin Beispiel,robin.datenberg70@example.invalid,Synthetika KG,kampagne-2025-q1,referral,synth_social,nein,0,2024/09/21,synthetic-normal
mar-000000265,265,Koordinatenplatz 46,Nordhafen,28535,D,48.7430078,12.0856625,Robin Synthetik,toni.testmann71@example.invalid,Datenwerk e.K.,kampagne-2025-q2,email,synth_ads,,84,2024-09-22,synthetic-normal
mar-000000266,266,Vektorallee 67 ,DATENHEIM,52654,deu,50.1590775,9.9735413,Robin Testmann,toni.demoholz66@example.invalid,Synthetika KG,kampagne-2024-q2,email,synth_mail,1,96,2024-03-07,synthetic-normal
mar-000000267,267,Schemaweg 55 , SÜDWINKEL ,37626,deu,-100,10.7625514,Chris Synthetik,toni.muster54(at)example.invalid,Datenwerk e.K.,kampagne-2025-q1,newsletter,synth_social,no,hoch,2024-02-24,synthetic-error
mar-000000268,268,  Prüfsummenstraße   49,Vektorstetten,52292,Deutschland,47.6730508,7.8306496,Kim Beispiel,sascha.demoholz74@example.invalid,Datenwerk e.K.,kampagne-2024-q2,event,synth_ads,false,71,2024/09/25,synthetic-normal
mar-000000269,269,Datenstr. 50,Vektorstetten,60211,DE,53.6418694,6.5170054,Sascha Synthetik,kim.beispiel75@example.invalid,Testfabrik UG,kampagne-2024-q4,referral,,0,24,26.09.2024,synthetic-normal
mar-000000270,270,Prüfsummenstraße 51, Datenheim ,68130,Deutschland,52.4261435,12.2634638,Nika Beispiel,robin.muster76@example.invalid,Demo Solutions GmbH,kampagne-2025-q3,referral,synth_social,1,68,2024/09/27,synthetic-normal
mar-000000271,271,Koordinatenplatz 52,Vektorstetten,76049,D,53.5787778,8.7757485,Sascha Synthetik,sascha.datenberg77@example.invalid,Demo Solutions GmbH,kampagne-2025-q1,search,,nein,50,2024-09-28,synthetic-normal
mar-000000272,272,Datenstrasse 53,Westbogen,83968,DE,49.5825381,7.8413577,Chris Beispiel,toni.synthetik78@example.invalid,Demo Solutions GmbH,kampagne-2024-q3,email,synth_ads,nein,45,29.09.2024,synthetic-normal
mar-000000273,273,Qualitätsring 54,Westbogen,11887,DE,51.6357024,11.0353974,Sascha Demoholz,kim.demoholz79@example.invalid,Synthetika KG,kampagne-2025-q4,social,,no,76,30/09/2024,synthetic-normal
mar-000000274,274,Vektorallee 196 ,WESTBOGEN,34205,Deutschland,54.1925279,9.5223098,Alex Synthetik,sascha.testmann1@example.invalid,Testfabrik UG,kampagne-2024-q4,newsletter,,false,64,14/07/2024,synthetic-normal
mar-000000275,275,  Datenstrasse   172 , SÜDWINKEL ,84149,Deutschland,48.9318424,7.5217902,Toni Datenberg,robin.beispiel74@example.invalid,Demo Solutions GmbH,kampagne-2024-q4,newsletter,synth_social,nein,52,2024/06/20,synthetic-normal
mar-000000276,276,Pipelineweg 57,Datenheim,35644,DE,52.117542,11.6161813,Alex Testmann,alex.testmann82@example.invalid,Demo Solutions GmbH,kampagne-2024-q3,search,synth_mail,1,6,2024/10/03,synthetic-normal
mar-000000277,277,Pipelineweg 58,Ostfeld,43563,deu,48.3046367,6.559415,Alex Synthetik,nika.testmann83@example.invalid,Beispiel GmbH,kampagne-2025-q3,referral,,1,97,04.10.2024,synthetic-normal
mar-000000278,278,Prüfsummenstrasse 59,Vektorstetten,51482,deu,49.1415947,8.2495652,Nika Testmann,kim.beispiel84@example.invalid,Testfabrik UG,kampagne-2025-q3,event,synth_social,false,24,05/10/2024,synthetic-normal
mar-000000279,279,Schemaweg 60, Datenheim ,59401,D,52.0361844,9.8522635,Sascha Muster,chris.muster85@example.invalid,Testfabrik UG,kampagne-2024-q2,email,synth_ads,0,79,06.10.2024,synthetic-normal
mar-000000280,280,Datenstr. 61,Nordhafen,67320,Deutschland,50.7204679,6.0092827,Sascha Demoholz,sascha.muster86@example.invalid,Demo Solutions GmbH,kampagne-2025-q1,referral,,1,88,2024-10-07,synthetic-normal
mar-000000281,281,Datenstr. 62,Westbogen,75239,deu,53.2978326,11.4852759,Alex Datenberg,alex.beispiel87@example.invalid,Datenwerk e.K.,kampagne-2025-q1,newsletter,synth_social,no,2,08/10/2024,synthetic-normal
mar-000000282,282,  Qualitätsring   63,Vektorstetten,83158,DE,54.1694277,10.2588918,Kim Muster,sascha.synthetik88@example.invalid,Datenwerk e.K.,kampagne-2024-q1,email,synth_mail,,39,09/10/2024,synthetic-normal
mar-000000283,283,Datenstr. 64,Westbogen,11077,Deutschland,49.0951562,14.7998473,Toni Beispiel,toni.datenberg89@example.invalid,Beispiel GmbH,kampagne-2025-q1,social,synth_mail,false,50,10.10.2024,synthetic-normal
mar-000000284,284,  Qualitätsring   65,Südwinkel,18996,D,54.6760825,14.1695656,Chris Datenberg,robin.muster90@example.invalid,Testfabrik UG,kampagne-2024-q3,referral,synth_mail,1,39,11.10.2024,synthetic-normal
mar-000000285,285,Vektorallee 66,Datenheim,26915,DE,48.6994276,13.5236071,Robin Demoholz,alex.testmann91@example.invalid,Datenwerk e.K.,kampagne-2025-q3,search,,true,19,12.10.2024,synthetic-normal
mar-000000286,286,Schemaweg 67,Südwinkel,34834,DE,50.0303861,12.1308998,Luca Muster,luca.demoholz92@example.invalid,Testfabrik UG,kampagne-2025-q2,social,,nein,60,13.10.2024,synthetic-normal
mar-000000287,287,Prüfsummenstraße 68,Ostfeld,42753,deu,52.9419866,14.8918394,Sascha Beispiel,robin.datenberg93@example.invalid,Demo Solutions GmbH,kampagne-2025-q4,newsletter,synth_social,nein,31,2024/10/14,synthetic-normal
mar-000000288,288,Prüfsummenstr. 69, Vektorstetten ,50672,DE,51.2569331,-220.0,Alex Muster,NIKA.DEMOHOLZ94@EXAMPLE.INVALID,Demo Solutions GmbH,kampagne-2025-q3,referral,synth_ads,0,,2024/10/15,synthetic-error
mar-000000289,289,  Vektorallee   70,Nordhafen,58591,deu,50.8232,11.7441339,Kim Demoholz,kim.muster95@example.invalid,Demo Solutions GmbH,kampagne-2024-q3,event,,false,57,2024-10-16,synthetic-normal
mar-000000290,290,  Qualitätsring   71,Westbogen,66510,deu,52.7596479,6.9366068,Kim Demoholz,luca.demoholz96@example.invalid,Synthetika KG,kampagne-2024-q2,referral,,,78,17.10.2024,synthetic-normal
mar-000000291,291,Vektorallee 72,Vektorstetten,74429,deu,48.5321431,7.1303878,Alex Datenberg,toni.testmann0@example.invalid,Testfabrik UG,kampagne-2025-q4,search,synth_mail,no,16,18.10.2024,synthetic-normal
mar-000000292,292,Pipelineweg 130 ,OSTFELD,71551,D,51.5005309,6.3162574,Alex Demoholz,robin.beispiel32@example.invalid,Datenwerk e.K.,kampagne-2025-q3,newsletter,synth_social,no,67,2024-05-09,synthetic-normal
mar-000000293,293,  Datenstraße   74,Datenheim,10267,D,50.7484125,9.8652533,Alex Muster,toni.synthetik2@example.invalid,Testfabrik UG,kampagne-2024-q4,email,synth_mail,1,7,20/10/2024,synthetic-normal
mar-000000294,294,Qualitätsring 17,Ostfeld,56704,Deutschland,51.948751,14.8825442,Alex Demoholz,toni.demoholz16@example.invalid,Beispiel GmbH,kampagne-2024-q3,search,synth_ads,no,95,17.01.2024,synthetic-normal
mar-000000295,295,Pipelineweg 76,Südwinkel,26105,deu,52.4078878,11.4220258,Robin Datenberg,chris.beispiel4@example.invalid,Beispiel GmbH,kampagne-2025-q1,search,synth_social,JA,8,2024/10/22,synthetic-normal
mar-000000296,296,Spaltenweg 77,,34024,Deutschland,51.3056008,10.6267451,Sascha Synthetik,keine-angabe,Testfabrik UG,kampagne-2024-q2,event,synth_social,JA,,23/10/2024,synthetic-error
mar-000000297,297,  Vektorallee   78, Vektorstetten ,41943,D,51.0430338,7.4551465,Sascha Demoholz,toni.muster6@example.invalid,Beispiel GmbH,kampagne-2024-q2,email,,no,94,24.10.2024,synthetic-normal
mar-000000298,298,Prüfsummenstraße 79,Datenheim,49862,deu,47.3858592,7.6509217,Toni Testmann,kim.testmann7@example.invalid,Synthetika KG,kampagne-2025-q2,email,synth_ads,false,43,2024/10/25,synthetic-normal
mar-000000299,299,Datenstrasse 80,Westbogen,57781,D,54.2628392,13.1347403,Robin Datenberg,robin.demoholz8@example.invalid,Datenwerk e.K.,kampagne-2025-q2,event,,yes,66,26/10/2024,synthetic-normal
mar-000000300,300,Datenstrasse 81,Westbogen,65700,Deutschland,47.8032191,7.1736051,Alex Testmann,nika.demoholz9@example.invalid,Demo Solutions GmbH,kampagne-2024-q3,referral,,1,76,2024-10-27,synthetic-normal
mar-000000301,301,Koordinatenplatz 82,Nordhafen,73619,D,53.9655704,9.2185689,Toni Muster,toni.muster10@example.invalid,Beispiel GmbH,kampagne-2025-q2,email,synth_mail,no,56,2024-10-28,synthetic-normal
mar-000000302,302,Vektorallee 83,Ostfeld,81538,Deutschland,53.1940524,7.1183144,Kim Synthetik,robin.muster11@example.invalid,Testfabrik UG,kampagne-2024-q1,event,,,14,2024-10-29,synthetic-normal
mar-000000303,303,Pipelineweg 84,Nordhafen,999999,DE,51.2563906,11.8626554,Toni Beispiel, toni.demoholz12@example.invalid ,Synthetika KG,kampagne-2024-q4,social,synth_social,true,,2024/10/30,synthetic-error
mar-000000304,304,Datenstraße 85,Westbogen,17376,Deutschland,49.359996,14.4781559,Toni Synthetik,sascha.muster13@example.invalid,Beispiel GmbH,kampagne-2025-q1,referral,synth_social,,56,2024-10-31,synthetic-normal
mar-000000305,305,Datenstraße 86,Nordhafen,25295,D,50.2785674,12.2830339,Luca Synthetik,chris.testmann14@example.invalid,Synthetika KG,kampagne-2024-q4,newsletter,synth_ads,nein,72,01.11.2024,synthetic-normal
mar-000000306,306,Spaltenweg 87, Vektorstetten ,33214,D,50.8761486,14.5165241,Robin Synthetik,toni.testmann15@example.invalid,Datenwerk e.K.,kampagne-2024-q3,newsletter,synth_social,false,58,2024/11/02,synthetic-normal
mar-000000307,307,Koordinatenplatz 24 , WESTBOGEN ,14317,deu,51.9083619,7.5896318,Nika Synthetik,alex.testmann49@example.invalid,Muster AG,kampagne-2025-q3,referral,synth_ads,,9,31/08/2024,synthetic-normal
mar-000000308,308,Schemaweg 89,Südwinkel,49052,DE,50.3832135,12.3713124,Kim Testmann,kim.testmann17@example.invalid,Demo Solutions GmbH,kampagne-2025-q4,event,,0,79,04.11.2024,synthetic-normal
mar-000000309,309,Prüfsummenstraße 90,Vektorstetten,56971,D,53.2607862,9.8052541,Chris Synthetik,sascha.muster18@example.invalid,Testfabrik UG,kampagne-2024-q2,newsletter,,no,75,2024/11/05,synthetic-normal
mar-000000310,310,Spaltenweg 91,Ostfeld,64890,DE,51.8467698,,Nika Testmann,,Beispiel GmbH,kampagne-2024-q2,social,synth_mail,yes,250,06.11.2024,synthetic-error
mar-000000311,311,Spaltenweg 92,Westbogen,72809,Deutschland,51.6341007,14.2014792,Toni Datenberg,chris.beispiel20@example.invalid,Demo Solutions GmbH,kampagne-2024-q1,referral,,1,37,2024-11-07,synthetic-normal
mar-000000312,312,Datenstraße 93,Westbogen,80728,DE,53.8454836,13.7642527,Sascha Datenberg,nika.demoholz21@example.invalid,Synthetika KG,kampagne-2025-q3,event,,JA,69,08.11.2024,synthetic-normal
mar-000000313,313,  Qualitätsring   94,Westbogen,88647,D,48.4724314,14.9765956,Robin Muster,alex.beispiel22@example.invalid,Testfabrik UG,kampagne-2024-q1,social,,JA,17,2024-11-09,synthetic-normal
mar-000000314,314,  Spaltenweg   95,Ostfeld,16566,D,51.4955802,9.9404211,Chris Muster,robin.datenberg23@example.invalid,Demo Solutions GmbH,kampagne-2024-q1,referral,,0,91,10/11/2024,synthetic-normal
mar-000000315,315,Koordinatenplatz 96, Datenheim ,24485,D,52.6571073,6.8411122,Luca Demoholz,kim.muster24@example.invalid,Testfabrik UG,kampagne-2025-q1,event,synth_ads,,78,2024-11-11,synthetic-normal
mar-000000316,316,Pipelineweg 97,Westbogen,32404,DE,50.863403,10.5165006,Luca Synthetik,chris.datenberg25@example.invalid,Synthetika KG,kampagne-2025-q1,search,synth_mail,yes,88,12/11/2024,synthetic-normal
mar-000000317,317,  Datenstraße   98,Datenheim,40323,DE,52.2880311,8.4841295,Alex Testmann,luca.beispiel26@example.invalid,Muster AG,kampagne-2024-q2,search,synth_social,1,78,13/11/2024,synthetic-normal
mar-000000318,318,Pipelineweg 99,Vektorstetten,48242,deu,52.3095829,9.2018548,Robin Testmann,sascha.datenberg27@example.invalid,Muster AG,kampagne-2024-q1,search,synth_ads,1,76,14.11.2024,synthetic-normal
mar-000000319,319,  Prüfsummenstraße   100,Ostfeld,56161,deu,48.9025113,12.5561222,Chris Beispiel,toni.beispiel28@example.invalid,Beispiel GmbH,kampagne-2024-q3,event,,nein,38,2024/11/15,synthetic-normal
mar-000000320,320,  Qualitätsring   101,Ostfeld,64080,D,49.2959512,10.6800676,Nika Beispiel,toni.datenberg29@example.invalid,Datenwerk e.K.,kampagne-2025-q2,referral,synth_ads,no,68,16/11/2024,synthetic-normal
mar-000000321,321,Schemaweg 102,Nordhafen,71999,Deutschland,52.2730089,9.3986146,Sascha Demoholz,sascha.synthetik30@example.invalid,Synthetika KG,kampagne-2024-q3,search,synth_ads,yes,8,2024-11-17,synthetic-normal
mar-000000322,322,Spaltenweg 103,Westbogen,79918,Deutschland,48.7674044,6.0180444,Kim Beispiel,sascha.synthetik31@example.invalid,Testfabrik UG,kampagne-2024-q2,newsletter,synth_ads,no,77,18.11.2024,synthetic-normal
mar-000000323,323,Vektorallee 104,Westbogen,87837,Deutschland,50.8488624,14.412875,Luca Testmann,nika.demoholz32@example.invalid,Testfabrik UG,kampagne-2025-q2,search,synth_mail,no,35,2024-11-19,synthetic-normal
mar-000000324,324,Datenstr. 105, Westbogen ,15756,deu,50.6483687,10.3238404,Sascha Synthetik,nika.muster33@example.invalid,Testfabrik UG,kampagne-2025-q4,email,synth_mail,,98,2024/11/20,synthetic-normal
mar-000000325,325,Spaltenweg 106,Nordhafen,23675,DE,51.6422187,8.1054864,Luca Beispiel,luca.muster34@example.invalid,Testfabrik UG,kampagne-2024-q1,email,,true,19,21/11/2024,synthetic-normal
mar-000000326,326,  Spaltenweg   107,Vektorstetten,31594,DE,51.4049782,5.8304277,Luca Beispiel,chris.testmann35@example.invalid,Testfabrik UG,kampagne-2025-q1,event,synth_ads,no,46,22/11/2024,synthetic-normal
mar-000000327,327,Schemaweg 108,Nordhafen,39513,D,52.3215791,8.5496072,Nika Beispiel,chris.datenberg36@example.invalid,Beispiel GmbH,kampagne-2025-q4,newsletter,synth_mail,1,4,23.11.2024,synthetic-normal
mar-000000328,328,Pipelineweg 84 ,NORDHAFEN,999999,DE,51.2563906,11.8626554,Toni Beispiel, toni.demoholz12@example.invalid ,Synthetika KG,kampagne-2024-q4,social,synth_social,true,,2024/10/30,synthetic-error
mar-000000329,329,  Schemaweg   110,Ostfeld,55351,DE,47.5815244,6.315701,Alex Datenberg,kim.muster38@example.invalid,Testfabrik UG,kampagne-2025-q4,newsletter,synth_mail,0,9,2024-11-25,synthetic-normal
mar-000000330,330,  Datenstraße   111,Datenheim,63270,DE,49.1443874,11.7688351,Alex Muster,alex.testmann39@example.invalid,Beispiel GmbH,kampagne-2025-q4,referral,synth_mail,no,13,2024-11-26,synthetic-normal
mar-000000331,331,Qualitätsring 112,Ostfeld,71189,Deutschland,53.4675598,14.8361733,Nika Testmann,kim.demoholz40@example.invalid,Demo Solutions GmbH,kampagne-2024-q3,search,synth_mail,yes,75,27.11.2024,synthetic-normal
mar-000000332,332,  Vektorallee   113,Westbogen,79108,deu,50.6338252,14.3162149,Alex Muster,kim.demoholz41@example.invalid,Demo Solutions GmbH,kampagne-2025-q3,social,synth_ads,nein,10,2024-11-28,synthetic-normal
mar-000000333,333,  Vektorallee   46, Westbogen ,46355,Deutschland,10.2389961,50.4577266,Luca Muster, luca.synthetik45@example.invalid ,Datenwerk e.K.,kampagne-2024-q4,referral,synth_mail,no,,2024/02/15,synthetic-error
mar-000000334,334,Spaltenweg 115,Vektorstetten,14946,Deutschland,51.2754602,9.5906882,Robin Synthetik,alex.synthetik43@example.invalid,Muster AG,kampagne-2025-q4,referral,synth_ads,true,44,2024/11/30,synthetic-normal
mar-000000335,335,Koordinatenplatz 121 ,SÜDWINKEL,80280,deu,50.4430576,8.3314161,Robin Demoholz,nika.synthetik23@example.invalid,Datenwerk e.K.,kampagne-2024-q1,search,,,40,2024/04/30,synthetic-normal
mar-000000336,336,Koordinatenplatz 117,Vektorstetten,30784,deu,49.400842,7.5822147,Robin Demoholz,luca.datenberg45@example.invalid,Muster AG,kampagne-2024-q3,newsletter,synth_ads,yes,82,02/12/2024,synthetic-normal
mar-000000337,337,  Koordinatenplatz   118,Vektorstetten,38703,DE,54.3289462,7.418166,Alex Datenberg,kim.beispiel46@example.invalid,Muster AG,kampagne-2025-q4,referral,synth_social,JA,25,03/12/2024,synthetic-normal
mar-000000338,338,Qualitätsring 119,Ostfeld,46622,deu,,7.8300974,Luca Synthetik,luca.beispiel@,Muster AG,kampagne-2024-q4,referral,,1,hoch,04/12/2024,synthetic-error
mar-000000339,339,Schemaweg 120,Nordhafen,54541,DE,49.4325916,6.8222053,Luca Datenberg,nika.muster48@example.invalid,Synthetika KG,kampagne-2024-q4,search,synth_mail,1,73,05.12.2024,synthetic-normal
mar-000000340,340,Spaltenweg 121,Ostfeld,62460,Deutschland,47.4102293,9.7386154,Sascha Muster,chris.datenberg49@example.invalid,Demo Solutions GmbH,kampagne-2024-q4,referral,synth_mail,yes,53,2024-12-06,synthetic-normal
mar-000000341,341,Vektorallee 21,Ostfeld,70560,Deutschland,53.3864884,11.4490334,Alex Muster,nika.demoholz46@example.invalid,Beispiel GmbH,kampagne-2024-q2,social,,JA,11,2024-08-28,synthetic-normal
mar-000000342,342,  Prüfsummenstraße   123, Vektorstetten ,78298,DE,50.7385544,8.0127057,Alex Demoholz,nika.muster51@example.invalid,Muster AG,kampagne-2025-q2,search,synth_mail,no,2,2024/12/08,synthetic-normal
mar-000000343,343,Spaltenweg 124,Ostfeld,86217,deu,53.9439127,9.5293154,Chris Demoholz,luca.demoholz52@example.invalid,Testfabrik UG,kampagne-2024-q1,newsletter,synth_ads,JA,88,09/12/2024,synthetic-normal
mar-000000344,344,Schemaweg 125,Nordhafen,14136,Deutschland,52.891782,6.3042674,Chris Beispiel,kim.datenberg53@example.invalid,Synthetika KG,kampagne-2025-q4,referral,synth_ads,false,46,10.12.2024,synthetic-normal
mar-000000345,345,Qualitätsring 126,Südwinkel,22055,DE,52.2326918,12.5838966,Sascha Demoholz,sascha.testmann54@example.invalid,Synthetika KG,kampagne-2025-q1,referral,,true,6,2024-12-11,synthetic-normal
mar-000000346,346,  Pipelineweg   127,Vektorstetten,29974,Deutschland,50.7350357,9.1869418,Kim Muster,luca.beispiel55@example.invalid,Beispiel GmbH,kampagne-2025-q3,social,synth_social,no,13,12.12.2024,synthetic-normal
mar-000000347,347,Spaltenweg 128,Datenheim,37893,DE,49.5280878,14.7200864,Robin Datenberg,chris.datenberg56@example.invalid,Datenwerk e.K.,kampagne-2024-q1,search,synth_mail,no,2,13.12.2024,synthetic-normal
mar-000000348,348,  Koordinatenplatz   129,Vektorstetten,45812,Deutschland,50.9947278,11.9258692,Luca Datenberg,toni.synthetik57@example.invalid,Muster AG,kampagne-2025-q1,social,synth_social,0,61,14/12/2024,synthetic-normal
mar-000000349,349,Datenstrasse 130,Ostfeld,53731,deu,52.0015897,7.2792669,Toni Muster,robin.demoholz58@example.invalid,Testfabrik UG,kampagne-2024-q3,social,synth_mail,no,5,15/12/2024,synthetic-normal
mar-000000350,350,Koordinatenplatz 131,Vektorstetten,61650,DE,52.3582049,14.7978076,Robin Testmann,luca.synthetik59@example.invalid,Muster AG,kampagne-2025-q1,email,synth_ads,JA,63,16.12.2024,synthetic-normal
mar-000000351,351,Vektorallee 132, Datenheim ,69569,Deutschland,52.219054,8.5191232,Toni Synthetik,robin.synthetik60@example.invalid,Testfabrik UG,kampagne-2025-q4,search,synth_ads,nein,5,17.12.2024,synthetic-normal
mar-000000352,352,  Datenstraße   133,Südwinkel,77488,D,50.016191,-220.0,Sascha Synthetik, sascha.testmann61@example.invalid ,Beispiel GmbH,kampagne-2024-q2,referral,,no,hoch,18.12.2024,synthetic-error
mar-000000353,353,Datenstr. 134,Vektorstetten,85407,D,50.1091878,9.2300466,Toni Testmann,chris.testmann62@example.invalid,Datenwerk e.K.,kampagne-2024-q2,social,,JA,56,19/12/2024,synthetic-normal
mar-000000354,354,  Prüfsummenstraße   135,Datenheim,13326,DE,48.3916586,8.5897265,Chris Beispiel,nika.beispiel63@example.invalid,Beispiel GmbH,kampagne-2025-q3,newsletter,synth_social,JA,22,2024/12/20,synthetic-normal
mar-000000355,355,Vektorallee 136,Ostfeld,21245,Deutschland,51.5093886,6.1885428,Toni Synthetik,toni.datenberg64@example.invalid,Demo Solutions GmbH,kampagne-2025-q4,social,synth_ads,yes,19,21/12/2024,synthetic-normal
mar-000000356,356,Spaltenweg 137,Westbogen,29164,D,48.6632295,14.1424974,Sascha Beispiel,kim.testmann65@example.invalid,Datenwerk e.K.,kampagne-2024-q2,referral,synth_social,nein,72,2024/12/22,synthetic-normal
mar-000000357,357,Spaltenweg 138,Vektorstetten,37083,DE,53.7241285,7.2981945,Alex Muster,chris.datenberg66@example.invalid,Testfabrik UG,kampagne-2024-q3,search,synth_mail,yes,34,23/12/2024,synthetic-normal
mar-000000358,358,Koordinatenplatz 139,Datenheim,45002,DE,51.2053853,12.8512704,Robin Beispiel,robin.synthetik67@example.invalid,Synthetika KG,kampagne-2025-q2,newsletter,synth_social,true,87,24/12/2024,synthetic-normal
mar-000000359,359,Vektorallee 140,Westbogen,52921,Deutschland,53.2189396,9.5903494,Robin Beispiel,sascha.muster68@example.invalid,Demo Solutions GmbH,kampagne-2024-q4,social,synth_ads,JA,58,2024-12-25,synthetic-normal
mar-000000360,360,  Datenstraße   141, Vektorstetten ,60840,Deutschland,48.3565063,9.8658288,Chris Muster,toni.beispiel69@example.invalid,Testfabrik UG,kampagne-2024-q2,social,synth_mail,1,88,26.12.2024,synthetic-normal
mar-000000361,361,  Pipelineweg   142,Nordhafen,68759,DE,47.4429287,10.255145,Nika Beispiel,sascha.beispiel70@example.invalid,Beispiel GmbH,kampagne-2024-q1,event,synth_ads,true,5,2024-12-27,synthetic-normal
mar-000000362,362,Pipelineweg 143,,76678,deu,48.7043419,9.0341097,Kim Muster,toni.synthetik71(at)example.invalid,Synthetika KG,kampagne-2024-q3,referral,synth_mail,,-5,2024-12-28,synthetic-error
mar-000000363,363,Qualitätsring 144,Datenheim,84597,DE,54.6992073,6.7079086,Sascha Synthetik,luca.testmann72@example.invalid,Testfabrik UG,kampagne-2024-q3,event,synth_ads,1,45,2024/12/29,synthetic-normal
mar-000000364,364,Prüfsummenstraße 145,Westbogen,12516,DE,50.8408529,10.5814937,Luca Testmann,toni.synthetik73@example.invalid,Testfabrik UG,kampagne-2024-q1,email,synth_social,nein,14,2024/12/30,synthetic-normal
mar-000000365,365,  Schemaweg   146,Ostfeld,20435,Deutschland,54.7857137,9.7372473,Kim Datenberg,chris.muster74@example.invalid,Beispiel GmbH,kampagne-2025-q4,newsletter,synth_ads,JA,56,2024-12-31,synthetic-normal
mar-000000366,366,Pipelineweg 147,Südwinkel,28354,Deutschland,48.8220026,13.5650714,Nika Beispiel,sascha.datenberg75@example.invalid,Testfabrik UG,kampagne-2025-q4,search,synth_social,JA,45,2025/01/01,synthetic-normal
mar-000000367,367,Spaltenweg 148,Ostfeld,36273,DE,48.2286445,10.3019407,Sascha Demoholz,robin.beispiel76@example.invalid,Beispiel GmbH,kampagne-2024-q1,email,,yes,22,2025/01/02,synthetic-normal
mar-000000368,368,Schemaweg 149,Vektorstetten,44192,D,53.3247588,7.6577721,Luca Datenberg,toni.synthetik77@example.invalid,Synthetika KG,kampagne-2024-q1,email,,no,49,2025/01/03,synthetic-normal
mar-000000369,369,Spaltenweg 150, Datenheim ,52111,Deutschland,54.0237217,7.310127,Nika Muster,toni.demoholz78@example.invalid,Datenwerk e.K.,kampagne-2025-q4,email,,,87,2025/01/04,synthetic-normal
mar-000000370,370,  Datenstraße   151,Datenheim,60030,D,51.9887415,9.0454267,Toni Testmann,alex.beispiel79@example.invalid,Demo Solutions GmbH,kampagne-2024-q1,social,synth_social,false,94,2025-01-05,synthetic-normal
mar-000000371,371,Prüfsummenstraße 152,Westbogen,67949,D,49.9696464,11.8834081,Sascha Muster,toni.synthetik80@example.invalid,Beispiel GmbH,kampagne-2024-q2,search,synth_ads,false,21,2025-01-06,synthetic-normal
mar-000000372,372,  Prüfsummenstraße   153,Vektorstetten,75868,D,not-a-number,14.869036,Nika Synthetik,keine-angabe,Beispiel GmbH,kampagne-2025-q4,email,synth_mail,false,hoch,07/01/2025,synthetic-error
mar-000000373,373,Spaltenweg 154,Datenheim,83787,deu,49.4839022,6.2372885,Nika Muster,kim.demoholz82@example.invalid,Demo Solutions GmbH,kampagne-2024-q2,referral,synth_social,true,8,2025/01/08,synthetic-normal
mar-000000374,374,Pipelineweg 155,Westbogen,11706,D,52.3422709,8.6828473,Nika Datenberg,toni.synthetik83@example.invalid,Demo Solutions GmbH,kampagne-2025-q4,newsletter,synth_mail,yes,80,09.01.2025,synthetic-normal
mar-000000375,375,Spaltenweg 156,Datenheim,19625,D,54.4032331,12.4848586,Alex Synthetik,sascha.testmann84@example.invalid,Datenwerk e.K.,kampagne-2024-q3,social,synth_mail,true,55,2025/01/10,synthetic-normal
mar-000000376,376,Pipelineweg 157,Westbogen,27544,Deutschland,52.2099242,8.159309,Sascha Datenberg,sascha.beispiel85@example.invalid,Muster AG,kampagne-2024-q4,email,synth_mail,true,59,2025/01/11,synthetic-normal
mar-000000377,377,Datenstrasse 158,Südwinkel,35463,DE,49.263816,13.1925513,Robin Demoholz,alex.demoholz86@example.invalid,Datenwerk e.K.,kampagne-2024-q1,email,synth_ads,false,77,12/01/2025,synthetic-normal
mar-000000378,378,Prüfsummenstr. 159, Nordhafen ,43382,D,54.4680323,12.462957,Robin Muster,kim.synthetik87@example.invalid,Testfabrik UG,kampagne-2024-q2,referral,synth_social,nein,11,13.01.2025,synthetic-normal
mar-000000379,379,Koordinatenplatz 160,Vektorstetten,51301,D,53.4243962,12.6444226,Nika Muster,robin.beispiel88@example.invalid,Muster AG,kampagne-2024-q4,search,,JA,32,2025-01-14,synthetic-normal
mar-000000380,380,Pipelineweg 161,Ostfeld,59220,deu,54.6211966,13.8907886,Robin Testmann,luca.demoholz89@example.invalid,Synthetika KG,kampagne-2025-q1,email,synth_ads,yes,88,15.01.2025,synthetic-normal
mar-000000381,381,Koordinatenplatz 162,Südwinkel,67139,D,50.2523797,14.1700597,Nika Testmann,toni.beispiel90@example.invalid,Muster AG,kampagne-2025-q1,social,synth_mail,nein,80,16/01/2025,synthetic-normal
mar-000000382,382,Prüfsummenstraße 163,Nordhafen,75058,D,50.8802938,9.5992441,Chris Demoholz,nika.beispiel91@example.invalid,Muster AG,kampagne-2025-q1,referral,synth_ads,false,53,17/01/2025,synthetic-normal
mar-000000383,383,Datenstrasse 164,Vektorstetten,82977,deu,not-a-number,7.6406929,Toni Testmann, kim.beispiel92@example.invalid ,Muster AG,kampagne-2024-q3,referral,,false,hoch,2025/01/18,synthetic-error
mar-000000384,384,Koordinatenplatz 165,Ostfeld,10896,Deutschland,48.6823583,13.8627881,Sascha Beispiel,alex.synthetik93@example.invalid,Testfabrik UG,kampagne-2024-q4,email,,0,33,19.01.2025,synthetic-normal
mar-000000385,385,Pipelineweg 97 ,WESTBOGEN,32404,DE,50.863403,10.5165006,Luca Synthetik,chris.datenberg25@example.invalid,Synthetika KG,kampagne-2025-q1,search,synth_mail,yes,88,12/11/2024,synthetic-normal
mar-000000386,386,Koordinatenplatz 167,Nordhafen,26734,DE,,9.8034604,Luca Demoholz, luca.beispiel95@example.invalid ,Testfabrik UG,kampagne-2024-q4,social,synth_social,true,hoch,2025/01/21,synthetic-error
mar-000000387,387,Schemaweg 168, Ostfeld ,34653,deu,47.5186757,14.7803791,Sascha Synthetik,luca.muster96@example.invalid,Synthetika KG,kampagne-2025-q4,email,synth_ads,nein,17,22/01/2025,synthetic-normal
mar-000000388,388,  Qualitätsring   169,Vektorstetten,42572,Deutschland,47.8552227,10.9243998,Alex Testmann,sascha.datenberg0@example.invalid,Synthetika KG,kampagne-2024-q1,email,synth_social,,79,2025/01/23,synthetic-normal
mar-000000389,389,Koordinatenplatz 170,Datenheim,50491,DE,51.7117005,8.1946832,Luca Testmann,luca.muster1@example.invalid,Beispiel GmbH,kampagne-2025-q2,newsletter,,1,33,2025-01-24,synthetic-normal
mar-000000390,390,Spaltenweg 171,Ostfeld,58410,Deutschland,54.1612243,8.2215908,Toni Synthetik,chris.datenberg2@example.invalid,Muster AG,kampagne-2025-q2,newsletter,,1,71,2025/01/25,synthetic-normal
mar-000000391,391,Vektorallee 77 ,VEKTORSTETTEN,51844,D,48.2800326,12.3212729,Kim Testmann,nika.demoholz76@example.invalid,Synthetika KG,kampagne-2024-q3,newsletter,synth_ads,JA,65,17/03/2024,synthetic-normal
mar-000000392,392,  Vektorallee   173,Ostfeld,74248,DE,50.6555496,14.897131,Luca Datenberg,luca.beispiel4@example.invalid,Testfabrik UG,kampagne-2024-q3,email,synth_social,no,26,27/01/2025,synthetic-normal
mar-000000393,393,Schemaweg 174,Nordhafen,82167,deu,50.4647843,6.5068863,Luca Demoholz,kim.testmann5@example.invalid,Beispiel GmbH,kampagne-2025-q1,newsletter,synth_ads,JA,47,2025-01-28,synthetic-normal
mar-000000394,394,  Pipelineweg   175,Vektorstetten,10086,D,50.7508219,14.5878541,Alex Testmann,alex.demoholz6@example.invalid,Demo Solutions GmbH,kampagne-2025-q4,search,synth_mail,0,6,29/01/2025,synthetic-normal
mar-000000395,395,  Pipelineweg   176,Westbogen,18005,deu,49.124609,,Nika Beispiel, alex.muster7@example.invalid ,Datenwerk e.K.,kampagne-2025-q3,search,synth_mail,no,,2025/01/30,synthetic-error
mar-000000396,396,Vektorallee 177, Westbogen ,25924,deu,51.0211351,13.9458,Luca Testmann,nika.beispiel8@example.invalid,Datenwerk e.K.,kampagne-2025-q2,referral,synth_mail,JA,80,2025/01/31,synthetic-normal
mar-000000397,397,Spaltenweg 178,Vektorstetten,33843,deu,54.3730739,10.6509641,Kim Testmann,luca.datenberg9@example.invalid,Beispiel GmbH,kampagne-2025-q4,search,synth_mail,1,87,01/02/2025,synthetic-normal
mar-000000398,398,Schemaweg 179,Nordhafen,41762,DE,51.180952,9.5997785,Luca Demoholz,toni.testmann10@example.invalid,Synthetika KG,kampagne-2024-q2,referral,synth_ads,no,94,2025/02/02,synthetic-normal
mar-000000399,399,Prüfsummenstraße 180,Vektorstetten,49681,Deutschland,49.6859923,12.4616711,Luca Synthetik,toni.testmann11@example.invalid,Muster AG,kampagne-2024-q4,social,synth_ads,true,86,2025-02-03,synthetic-normal
mar-000000400,400,Prüfsummenstraße 181,Vektorstetten,57600,D,120,9.5268427,Luca Testmann,,Testfabrik UG,kampagne-2025-q3,search,synth_ads,1,250,2025-02-04,synthetic-error
mar-000000401,401,Qualitätsring 182,Vektorstetten,65519,deu,52.2380227,9.809254,Sascha Beispiel,toni.datenberg13@example.invalid,Muster AG,kampagne-2025-q4,event,synth_ads,no,21,05.02.2025,synthetic-normal
mar-000000402,402,  Spaltenweg   183,Ostfeld,73438,deu,48.830172,11.0387602,Nika Beispiel,chris.beispiel14@example.invalid,Beispiel GmbH,kampagne-2025-q3,event,,,37,2025-02-06,synthetic-normal
mar-000000403,403,Spaltenweg 184,Datenheim,81357,DE,50.5072346,8.7058214,Kim Testmann,nika.datenberg15@example.invalid,Beispiel GmbH,kampagne-2025-q4,referral,synth_social,nein,89,2025/02/07,synthetic-normal
mar-000000404,404,  Spaltenweg   148,Nordhafen,54093,DE,49.3359557,10.7965769,Chris Synthetik,alex.demoholz50@example.invalid,Datenwerk e.K.,kampagne-2024-q4,event,synth_ads,0,38,2024-05-27,synthetic-normal
mar-000000405,405,Qualitätsring 186, Vektorstetten ,17195,D,48.2968051,8.4992252,Nika Datenberg,chris.datenberg17@example.invalid,Muster AG,kampagne-2024-q4,search,synth_ads,nein,16,09.02.2025,synthetic-normal
mar-000000406,406,  Pipelineweg   187,Ostfeld,25114,Deutschland,49.0838637,10.9228407,Alex Testmann,toni.testmann18@example.invalid,Testfabrik UG,kampagne-2024-q3,social,synth_ads,no,43,2025/02/10,synthetic-normal
mar-000000407,407,  Qualitätsring   188,Westbogen,33033,Deutschland,53.1472417,12.884873,Toni Muster,kim.demoholz19@example.invalid,Beispiel GmbH,kampagne-2025-q4,event,synth_ads,no,100,2025-02-11,synthetic-normal
mar-000000408,408,Pipelineweg 189,Südwinkel,40952,Deutschland,48.4934474,200.0,Luca Synthetik,LUCA.DEMOHOLZ20@EXAMPLE.INVALID,Muster AG,kampagne-2025-q2,search,synth_mail,no,250,2025/02/12,synthetic-error
mar-000000409,409,Koordinatenplatz 190,Nordhafen,48871,Deutschland,50.1305163,12.744576,Chris Demoholz,sascha.muster21@example.invalid,Demo Solutions GmbH,kampagne-2025-q3,social,synth_mail,JA,52,2025/02/13,synthetic-normal
mar-000000410,410,Koordinatenplatz 191,Nordhafen,56790,DE,47.9443144,8.6962021,Robin Datenberg,alex.datenberg22@example.invalid,Beispiel GmbH,kampagne-2024-q3,referral,synth_ads,,37,2025/02/14,synthetic-normal
mar-000000411,411,Schemaweg 192,Nordhafen,64709,Deutschland,54.1415848,11.4156898,Robin Demoholz,nika.datenberg23@example.invalid,Testfabrik UG,kampagne-2024-q4,referral,,false,100,2025/02/15,synthetic-normal
mar-000000412,412,Pipelineweg 193,Ostfeld,72628,deu,51.2555697,10.7752701,Sascha Beispiel,toni.synthetik24@example.invalid,Synthetika KG,kampagne-2024-q3,email,synth_ads,,75,16/02/2025,synthetic-normal
mar-000000413,413,Prüfsummenstraße 194,Westbogen,80547,Deutschland,52.0651204,9.0611548,Alex Demoholz,kim.datenberg25@example.invalid,Synthetika KG,kampagne-2024-q1,event,synth_social,0,95,17.02.2025,synthetic-normal
mar-000000414,414,  Vektorallee   195, Südwinkel ,88466,DE,49.7916369,11.1577952,Chris Datenberg,kim.muster26@example.invalid,Testfabrik UG,kampagne-2025-q3,event,synth_ads,no,7,2025/02/18,synthetic-normal
mar-000000415,415,Spaltenweg 196,Datenheim,16385,D,51.7706199,10.574294,Nika Testmann,luca.demoholz27@example.invalid,Datenwerk e.K.,kampagne-2025-q4,newsletter,,JA,20,19.02.2025,synthetic-normal
mar-000000416,416,Spaltenweg 197,Datenheim,24304,DE,52.5779774,9.9899778,Alex Demoholz,robin.synthetik28@example.invalid,Synthetika KG,kampagne-2024-q2,referral,,no,15,20/02/2025,synthetic-normal
mar-000000417,417,Vektorallee 198,Westbogen,12,Deutschland,49.5342578,6.0573956,Robin Muster,nika.beispiel29(at)example.invalid,Synthetika KG,kampagne-2024-q4,social,,yes,-5,21/02/2025,synthetic-error
mar-000000418,418,Spaltenweg 199,Ostfeld,40142,deu,53.0908294,10.4438275,Luca Datenberg,luca.muster30@example.invalid,Testfabrik UG,kampagne-2025-q2,email,,JA,29,2025/02/22,synthetic-normal
mar-000000419,419,Spaltenweg 200,,48061,DE,51.6471604,13.1246608,Toni Synthetik,keine-angabe,Beispiel GmbH,kampagne-2024-q4,referral,synth_ads,,250,2025/02/23,synthetic-error
mar-000000420,420,Vektorallee 201,Südwinkel,55980,deu,53.6056482,13.5180405,Luca Beispiel,chris.datenberg32@example.invalid,Demo Solutions GmbH,kampagne-2024-q1,event,synth_ads,false,55,24.02.2025,synthetic-normal
mar-000000421,421,  Koordinatenplatz   202,Nordhafen,63899,DE,51.4175225,8.4252359,Robin Testmann,kim.muster33@example.invalid,Synthetika KG,kampagne-2025-q3,newsletter,synth_mail,yes,78,25/02/2025,synthetic-normal
mar-000000422,422,  Schemaweg   203,Südwinkel,71818,D,54.0868838,8.1729955,Kim Beispiel,sascha.muster34@example.invalid,Demo Solutions GmbH,kampagne-2024-q4,event,,no,34,2025-02-26,synthetic-normal
mar-000000423,423,  Pipelineweg   204, Vektorstetten ,79737,deu,54.2443867,5.9713301,Kim Muster,robin.testmann35@example.invalid,Demo Solutions GmbH,kampagne-2025-q3,event,synth_ads,,26,27.02.2025,synthetic-normal
mar-000000424,424,  Qualitätsring   205,Datenheim,87656,D,47.6176198,13.2763222,Toni Demoholz,robin.beispiel36@example.invalid,Beispiel GmbH,kampagne-2025-q4,search,synth_social,JA,44,28.02.2025,synthetic-normal
mar-000000425,425,Datenstrasse 206,Datenheim,15575,DE,49.5848514,9.4368051,Kim Muster,toni.datenberg37@example.invalid,Muster AG,kampagne-2025-q2,newsletter,synth_social,true,96,2025/03/01,synthetic-normal
mar-000000426,426,Koordinatenplatz 207,Datenheim,23494,Deutschland,47.4206471,12.1649746,Alex Synthetik,luca.beispiel38@example.invalid,Beispiel GmbH,kampagne-2024-q3,event,,JA,68,2025-03-02,synthetic-normal
mar-000000427,427,Pipelineweg 208,Vektorstetten,31413,D,52.4090689,9.0475515,Nika Synthetik,chris.datenberg39@example.invalid,Muster AG,kampagne-2024-q1,email,,false,24,2025/03/03,synthetic-normal
mar-000000428,428,Pipelineweg 161 ,OSTFELD,59220,deu,54.6211966,13.8907886,Robin Testmann,luca.demoholz89@example.invalid,Synthetika KG,kampagne-2025-q1,email,synth_ads,yes,88,15.01.2025,synthetic-normal
mar-000000429,429,Koordinatenplatz 210,Datenheim,47251,Deutschland,53.4439502,7.8345587,Luca Testmann,alex.testmann41@example.invalid,Datenwerk e.K.,kampagne-2024-q4,email,synth_mail,JA,14,05/03/2025,synthetic-normal
mar-000000430,430,Qualitätsring 211,Südwinkel,55170,DE,48.2684749,14.3887833,Sascha Synthetik,toni.muster42@example.invalid,Testfabrik UG,kampagne-2024-q1,newsletter,synth_social,,58,2025-03-06,synthetic-normal
mar-000000431,431,Datenstr. 212,Ostfeld,63089,Deutschland,48.2250545,10.5683165,Luca Testmann,alex.demoholz43@example.invalid,Muster AG,kampagne-2024-q1,search,,,57,07/03/2025,synthetic-normal
mar-000000432,432,Koordinatenplatz 100 , OSTFELD ,73981,D,49.4716877,5.8752321,Kim Datenberg,robin.testmann2@example.invalid,Testfabrik UG,kampagne-2025-q2,event,synth_social,yes,51,2024-04-09,synthetic-normal
mar-000000433,433,  Qualitätsring   214,Südwinkel,78927,deu,48.55006,8.6594139,Kim Beispiel,luca.datenberg45@example.invalid,Beispiel GmbH,kampagne-2025-q2,search,synth_mail,no,60,09.03.2025,synthetic-normal
mar-000000434,434,Koordinatenplatz 215,Datenheim,86846,D,53.1071491,11.5532086,Kim Beispiel,alex.beispiel46@example.invalid,Datenwerk e.K.,kampagne-2025-q2,newsletter,synth_ads,1,7,2025/03/10,synthetic-normal
mar-000000435,435,Datenstraße 93,Westbogen,80728,DE,53.8454836,13.7642527,Sascha Datenberg,nika.demoholz21@example.invalid,Synthetika KG,kampagne-2025-q3,event,,JA,69,08.11.2024,synthetic-normal
mar-000000436,436,  Pipelineweg   127 ,VEKTORSTETTEN,29974,Deutschland,50.7350357,9.1869418,Kim Muster,luca.beispiel55@example.invalid,Beispiel GmbH,kampagne-2025-q3,social,synth_social,no,13,12.12.2024,synthetic-normal
mar-000000437,437,Datenstrasse 93 ,WESTBOGEN,80728,DE,53.8454836,13.7642527,Sascha Datenberg,nika.demoholz21@example.invalid,Synthetika KG,kampagne-2025-q3,event,,JA,69,08.11.2024,synthetic-normal
mar-000000438,438,Qualitätsring 219,Ostfeld,38522,D,53.9875301,11.4969211,Chris Demoholz,alex.datenberg50@example.invalid,Demo Solutions GmbH,kampagne-2025-q2,referral,synth_mail,no,13,2025-03-14,synthetic-normal
mar-000000439,439,Qualitätsring 220,,46441,Deutschland,50.4996532,12.4665319,Luca Muster,SASCHA.MUSTER51@EXAMPLE.INVALID,Beispiel GmbH,kampagne-2024-q3,search,,,,15/03/2025,synthetic-error
mar-000000440,440,  Vektorallee   1,Westbogen,54360,Deutschland,50.103108,5.8743529,Robin Beispiel,sascha.synthetik52@example.invalid,Demo Solutions GmbH,kampagne-2024-q1,event,synth_social,0,25,16.03.2025,synthetic-normal
mar-000000441,441,  Spaltenweg   2, Westbogen ,62279,Deutschland,51.9823838,9.6519967,Robin Beispiel,luca.beispiel53@example.invalid,Datenwerk e.K.,kampagne-2024-q4,email,synth_mail,0,59,17.03.2025,synthetic-normal
mar-000000442,442,  Koordinatenplatz   3,Südwinkel,70198,DE,50.0574103,6.4783266,Alex Synthetik,kim.muster54@example.invalid,Synthetika KG,kampagne-2025-q4,social,synth_social,yes,3,18.03.2025,synthetic-normal
mar-000000443,443,Schemaweg 4,Datenheim,78117,deu,48.6569149,5.9977267,Toni Beispiel,alex.demoholz55@example.invalid,Muster AG,kampagne-2025-q3,newsletter,synth_ads,false,26,19/03/2025,synthetic-normal
mar-000000444,444,Koordinatenplatz 5,Datenheim,86036,D,53.9757476,6.4014732,Robin Muster,sascha.muster56@example.invalid,Demo Solutions GmbH,kampagne-2025-q3,newsletter,synth_social,false,76,2025/03/20,synthetic-normal
mar-000000445,445,Datenstrasse 6,Westbogen,13955,deu,49.7903726,6.2899826,Toni Muster,luca.muster57@example.invalid,Testfabrik UG,kampagne-2024-q2,event,synth_ads,1,65,2025/03/21,synthetic-normal
mar-000000446,446,  Koordinatenplatz   7,Südwinkel,21874,Deutschland,52.7149002,10.6343762,Luca Demoholz,luca.datenberg58@example.invalid,Synthetika KG,kampagne-2025-q3,newsletter,synth_ads,0,28,22.03.2025,synthetic-normal
mar-000000447,447,Qualitätsring 8,Ostfeld,29793,deu,54.4097917,9.2417877,Kim Muster,kim.testmann59@example.invalid,Datenwerk e.K.,kampagne-2025-q2,social,synth_ads,nein,65,23/03/2025,synthetic-normal
mar-000000448,448,Prüfsummenstr. 9,Westbogen,37712,Deutschland,50.206019,7.4520047,Sascha Testmann,kim.testmann60@example.invalid,Beispiel GmbH,kampagne-2025-q1,referral,synth_ads,true,29,2025-03-24,synthetic-normal
mar-000000449,449,Qualitätsring 10,Westbogen,45631,Deutschland,49.6006384,13.303196,Toni Muster,robin.demoholz61@example.invalid,Testfabrik UG,kampagne-2025-q1,email,synth_social,true,44,2025/03/25,synthetic-normal
mar-000000450,450,  Datenstraße   11, Südwinkel ,53550,D,49.0295965,12.4546902,Sascha Datenberg,sascha.synthetik62@example.invalid,Demo Solutions GmbH,kampagne-2025-q4,newsletter,,false,10,26/03/2025,synthetic-normal
mar-000000451,451,Prüfsummenstrasse 12,Datenheim,61469,DE,50.1477213,11.1130777,Robin Testmann,alex.datenberg63@example.invalid,Testfabrik UG,kampagne-2025-q2,search,synth_mail,JA,54,2025/03/27,synthetic-normal
mar-000000452,452,Schemaweg 13,Datenheim,69388,DE,54.3082958,7.2139594,Chris Synthetik,nika.datenberg64@example.invalid,Muster AG,kampagne-2025-q3,email,,0,60,2025-03-28,synthetic-normal
mar-000000453,453,Schemaweg 14,Vektorstetten,77307,deu,47.5436496,12.1390259,Luca Beispiel,robin.muster65@example.invalid,Beispiel GmbH,kampagne-2025-q3,search,synth_mail,0,37,2025-03-29,synthetic-normal
mar-000000454,454,Datenstrasse 15,Ostfeld,85226,D,48.4934695,6.8188443,Nika Datenberg,kim.datenberg66@example.invalid,Muster AG,kampagne-2024-q3,social,synth_social,JA,90,2025/03/30,synthetic-normal
mar-000000455,455,Schemaweg 16,Vektorstetten,13145,D,49.3933514,5.8684784,Robin Datenberg,kim.datenberg67@example.invalid,Demo Solutions GmbH,kampagne-2024-q4,referral,synth_social,nein,58,2025/03/31,synthetic-normal
mar-000000456,456,  Schemaweg   17,Vektorstetten,21064,Deutschland,50.2722868,13.3755524,Robin Datenberg,sascha.muster68@example.invalid,Demo Solutions GmbH,kampagne-2025-q3,event,,1,89,2025-04-01,synthetic-normal
mar-000000457,457,Qualitätsring 18,Vektorstetten,28983,Deutschland,52.3665927,6.4140435,Sascha Datenberg,nika.synthetik69@example.invalid,Beispiel GmbH,kampagne-2025-q2,email,synth_ads,,98,02/04/2025,synthetic-normal
mar-000000458,458,Qualitätsring 19,Nordhafen,36902,D,50.1967823,12.6628084,Sascha Datenberg,alex.beispiel70@example.invalid,Synthetika KG,kampagne-2024-q2,newsletter,synth_mail,false,85,2025/04/03,synthetic-normal
mar-000000459,459,  Qualitätsring   20, Westbogen ,44821,deu,48.5964771,-220.0,Kim Muster,keine-angabe,Testfabrik UG,kampagne-2025-q3,social,synth_ads,yes,,04.04.2025,synthetic-error
mar-000000460,460,  Qualitätsring   21,Vektorstetten,52740,DE,50.2686998,8.6365831,Alex Synthetik,alex.beispiel72@example.invalid,Datenwerk e.K.,kampagne-2024-q4,social,synth_social,0,25,2025-04-05,synthetic-normal
mar-000000461,461,Datenstraße 15,Nordhafen,40866,DE,52.4316154,7.9638758,Kim Synthetik,sascha.synthetik14@example.invalid,Demo Solutions GmbH,kampagne-2024-q1,referral,synth_ads,JA,84,15/01/2024,synthetic-normal
mar-000000462,462,Pipelineweg 23,Nordhafen,68578,deu,52.8024874,6.2049151,Kim Testmann,chris.synthetik74@example.invalid,Testfabrik UG,kampagne-2024-q4,referral,synth_mail,,50,2025/04/07,synthetic-normal
mar-000000463,463,Koordinatenplatz 24,Ostfeld,76497,Deutschland,47.3910585,7.757465,Sascha Beispiel,toni.demoholz75@example.invalid,Demo Solutions GmbH,kampagne-2025-q2,email,synth_ads,0,52,08/04/2025,synthetic-normal
mar-000000464,464,Pipelineweg 25,Nordhafen,84416,Deutschland,54.7587608,12.2061014,Robin Testmann,robin.demoholz76@example.invalid,Testfabrik UG,kampagne-2025-q2,newsletter,,no,42,2025-04-09,synthetic-normal
mar-000000465,465,Prüfsummenstrasse 26,Vektorstetten,12335,DE,49.0678049,11.4704078,Kim Testmann,sascha.demoholz77@example.invalid,Datenwerk e.K.,kampagne-2024-q4,referral,synth_ads,yes,17,10/04/2025,synthetic-normal
mar-000000466,466,Prüfsummenstrasse 27,Südwinkel,20254,D,52.9183428,8.8239466,Toni Testmann,alex.synthetik78@example.invalid,Datenwerk e.K.,kampagne-2025-q1,email,synth_mail,false,43,11.04.2025,synthetic-normal
mar-000000467,467,Qualitätsring 28,Ostfeld,28173,Deutschland,120,11.5939991,Kim Datenberg,KIM.MUSTER79@EXAMPLE.INVALID,Testfabrik UG,kampagne-2024-q3,social,synth_mail,no,250,12.04.2025,synthetic-error
mar-000000468,468,Vektorallee 29, Südwinkel ,36092,deu,49.6035654,11.1030808,Sascha Testmann,luca.beispiel80@example.invalid,Synthetika KG,kampagne-2025-q3,event,synth_mail,nein,56,2025/04/13,synthetic-normal
mar-000000469,469,  Vektorallee   30,Ostfeld,44011,D,53.7907208,12.7814966,Toni Synthetik,robin.synthetik81@example.invalid,Testfabrik UG,kampagne-2024-q3,search,,nein,39,2025/04/14,synthetic-normal
mar-000000470,470,Spaltenweg 31,Vektorstetten,51930,D,48.7874397,14.2284138,Alex Beispiel,chris.datenberg82@example.invalid,Datenwerk e.K.,kampagne-2025-q3,event,synth_social,JA,62,15/04/2025,synthetic-normal
mar-000000471,471,Prüfsummenstraße 32,Nordhafen,59849,D,54.3841846,7.2937339,Nika Testmann,chris.synthetik83@example.invalid,Testfabrik UG,kampagne-2025-q4,newsletter,synth_social,yes,83,2025/04/16,synthetic-normal
mar-000000472,472,  Qualitätsring   33,Westbogen,67768,DE,52.6007828,11.7370685,Toni Synthetik,luca.demoholz84@example.invalid,Muster AG,kampagne-2025-q1,social,synth_mail,yes,14,2025-04-17,synthetic-normal
mar-000000473,473,Prüfsummenstraße 34,Südwinkel,75687,D,48.5602594,9.7272176,Toni Synthetik,nika.synthetik85@example.invalid,Synthetika KG,kampagne-2025-q3,newsletter,synth_ads,no,81,18/04/2025,synthetic-normal
mar-000000474,474,  Qualitätsring   35,Nordhafen,83606,deu,53.5045593,5.8145229,Kim Demoholz,nika.synthetik86@example.invalid,Datenwerk e.K.,kampagne-2025-q1,newsletter,,1,22,19/04/2025,synthetic-normal
mar-000000475,475,Spaltenweg 36,Nordhafen,11525,D,51.6099002,7.755675,Sascha Beispiel,robin.muster87@example.invalid,Synthetika KG,kampagne-2025-q3,event,synth_ads,1,10,20/04/2025,synthetic-normal
mar-000000476,476,Pipelineweg 37,Südwinkel,19444,D,50.9874771,12.7969091,Alex Beispiel,toni.beispiel88@example.invalid,Testfabrik UG,kampagne-2024-q1,email,synth_mail,,0,2025/04/21,synthetic-normal
mar-000000477,477,  Schemaweg   38, Westbogen ,27363,D,49.8577815,12.073112,Chris Testmann,sascha.testmann89@example.invalid,Testfabrik UG,kampagne-2025-q3,event,synth_ads,false,42,2025-04-22,synthetic-normal
mar-000000478,478,Datenstrasse 6,Westbogen,13955,deu,49.7903726,6.2899826,Toni Muster,luca.muster57@example.invalid,Testfabrik UG,kampagne-2024-q2,event,synth_ads,1,65,2025/03/21,synthetic-normal
mar-000000479,479,Vektorallee 40,Datenheim,43201,Deutschland,54.5280707,12.7132456,Sascha Testmann,luca.synthetik91@example.invalid,Testfabrik UG,kampagne-2025-q4,referral,,0,0,24/04/2025,synthetic-normal
mar-000000480,480,Spaltenweg 185,Ostfeld,27096,D,51.0171358,11.8815685,Kim Demoholz,nika.muster87@example.invalid,Synthetika KG,kampagne-2025-q3,search,synth_mail,nein,5,03/07/2024,synthetic-normal
mar-000000481,481,Spaltenweg 42,Ostfeld,59039,DE,49.9473381,14.4395797,Luca Demoholz,kim.demoholz93@example.invalid,Datenwerk e.K.,kampagne-2025-q1,referral,synth_mail,1,66,2025-04-26,synthetic-normal
mar-000000482,482,  Schemaweg   43,Ostfeld,66958,DE,50.9644809,10.7741448,Sascha Muster,robin.demoholz94@example.invalid,Testfabrik UG,kampagne-2024-q2,email,,yes,20,27/04/2025,synthetic-normal
mar-000000483,483,Qualitätsring 44,Vektorstetten,74877,DE,52.3576204,14.2891729,Luca Beispiel,chris.muster95@example.invalid,Demo Solutions GmbH,kampagne-2024-q2,newsletter,synth_social,JA,91,2025/04/28,synthetic-normal
mar-000000484,484,Prüfsummenstrasse 45,Nordhafen,82796,Deutschland,47.9663706,6.6200827,Sascha Demoholz,kim.synthetik96@example.invalid,Synthetika KG,kampagne-2024-q3,search,,yes,39,2025-04-29,synthetic-normal
mar-000000485,485,  Prüfsummenstraße   46,Westbogen,10715,deu,51.2501105,11.3348823,Sascha Beispiel,nika.beispiel0@example.invalid,Demo Solutions GmbH,kampagne-2025-q4,search,synth_mail,true,28,2025/04/30,synthetic-normal
mar-000000486,486,Schemaweg 47, Vektorstetten ,18634,DE,51.8514903,8.6418011,Kim Testmann,luca.demoholz1@example.invalid,Muster AG,kampagne-2025-q4,search,,yes,42,01.05.2025,synthetic-normal
mar-000000487,487,Qualitätsring 48,Südwinkel,26553,D,52.8282055,8.5517364,Robin Beispiel,nika.testmann2@example.invalid,Datenwerk e.K.,kampagne-2025-q4,search,,JA,9,02/05/2025,synthetic-normal
mar-000000488,488,Prüfsummenstraße 49,Datenheim,34472,DE,53.7585539,12.3282053,Luca Demoholz,robin.synthetik3@example.invalid,Muster AG,kampagne-2025-q4,newsletter,,true,18,03.05.2025,synthetic-normal
mar-000000489,489,Datenstr. 50,Datenheim,42391,DE,52.4552153,14.8940545,Robin Datenberg,nika.demoholz4@example.invalid,Muster AG,kampagne-2024-q1,email,synth_social,nein,22,2025-05-04,synthetic-normal
mar-000000490,490,  Koordinatenplatz   51,Vektorstetten,50310,D,49.1620076,6.8929834,Nika Datenberg,toni.demoholz5@example.invalid,Demo Solutions GmbH,kampagne-2024-q3,newsletter,,no,99,2025/05/05,synthetic-normal
mar-000000491,491,  Schemaweg   52,Nordhafen,58229,DE,47.9280411,10.3008097,Sascha Beispiel,luca.testmann6@example.invalid,Testfabrik UG,kampagne-2024-q2,referral,synth_mail,JA,61,2025/05/06,synthetic-normal
mar-000000492,492,Koordinatenplatz 53,Datenheim,66148,deu,50.3805119,12.2468256,Nika Synthetik,luca.beispiel7@example.invalid,Demo Solutions GmbH,kampagne-2024-q2,social,synth_ads,1,76,07.05.2025,synthetic-normal
mar-000000493,493,  Spaltenweg   9,Westbogen,55532,D,51.4927059,7.4170855,Kim Testmann,robin.synthetik34@example.invalid,Muster AG,kampagne-2025-q1,newsletter,synth_ads,no,2,2024-08-16,synthetic-normal
mar-000000494,494,Qualitätsring 55,Westbogen,81986,DE,47.9430385,6.9473975,Toni Testmann,robin.datenberg9@example.invalid,Testfabrik UG,kampagne-2024-q1,social,synth_social,yes,66,09/05/2025,synthetic-normal
mar-000000495,495,Spaltenweg 56, Westbogen ,89905,deu,52.5282703,11.8960764,Alex Muster,alex.muster10@example.invalid,Muster AG,kampagne-2025-q1,social,synth_mail,,27,10/05/2025,synthetic-normal
mar-000000496,496,Prüfsummenstraße 57,Westbogen,17824,D,52.2382439,7.3025382,Luca Beispiel,toni.demoholz11@example.invalid,Datenwerk e.K.,kampagne-2024-q3,referral,synth_mail,no,80,11/05/2025,synthetic-normal
mar-000000497,497,Qualitätsring 58,Vektorstetten,25743,deu,50.4896172,7.212121,Nika Datenberg,alex.synthetik12@example.invalid,Muster AG,kampagne-2024-q2,search,synth_ads,,14,2025/05/12,synthetic-normal
mar-000000498,498,Schemaweg 108 ,NORDHAFEN,39513,D,52.3215791,8.5496072,Nika Beispiel,chris.datenberg36@example.invalid,Beispiel GmbH,kampagne-2025-q4,newsletter,synth_mail,1,4,23.11.2024,synthetic-normal
mar-000000499,499,Vektorallee 60,Nordhafen,41581,D,54.7440876,7.8444753,Kim Beispiel,robin.synthetik14@example.invalid,Testfabrik UG,kampagne-2025-q1,referral,,no,67,14/05/2025,synthetic-normal
mar-000000500,500,Schemaweg 61,Südwinkel,49500,Deutschland,54.4934783,9.3839826,Chris Demoholz,nika.datenberg15@example.invalid,Demo Solutions GmbH,kampagne-2024-q3,search,synth_ads,,91,15.05.2025,synthetic-normal
mar-000000501,501,Schemaweg 62,Vektorstetten,57419,Deutschland,52.6770184,8.091827,Nika Demoholz,luca.muster16@example.invalid,Datenwerk e.K.,kampagne-2025-q2,event,synth_social,true,54,16.05.2025,synthetic-normal
mar-000000502,502,  Schemaweg   63,Nordhafen,65338,DE,47.8828684,8.008338,Kim Muster,alex.beispiel17@example.invalid,Testfabrik UG,kampagne-2025-q1,referral,,yes,54,17.05.2025,synthetic-normal
mar-000000503,503,  Pipelineweg   64,Südwinkel,73257,DE,52.7276166,12.2638438,Chris Muster,alex.synthetik18@example.invalid,Datenwerk e.K.,kampagne-2024-q3,newsletter,synth_mail,1,9,18/05/2025,synthetic-normal
mar-000000504,504,  Datenstraße   65, Südwinkel ,81176,Deutschland,54.6699359,8.9092191,Sascha Synthetik,kim.testmann19@example.invalid,Synthetika KG,kampagne-2025-q4,search,synth_social,0,0,2025/05/19,synthetic-normal
mar-000000505,505,  Datenstraße   66,Ostfeld,89095,DE,50.0036549,11.4628783,Chris Testmann,chris.beispiel20@example.invalid,Beispiel GmbH,kampagne-2025-q2,newsletter,synth_mail,JA,45,2025-05-20,synthetic-normal
mar-000000506,506,Pipelineweg 67,Ostfeld,17014,DE,48.482791,11.8410277,Sascha Datenberg,nika.testmann21@example.invalid,Synthetika KG,kampagne-2025-q2,event,synth_mail,,34,2025-05-21,synthetic-normal
mar-000000507,507,Spaltenweg 68,Vektorstetten,24933,D,47.3441577,13.9289016,Sascha Beispiel,sascha.testmann22@example.invalid,Beispiel GmbH,kampagne-2024-q3,event,,false,4,22.05.2025,synthetic-normal
mar-000000508,508,Schemaweg 69,Datenheim,32852,D,53.3786326,12.3717528,Chris Datenberg,nika.muster23@example.invalid,Beispiel GmbH,kampagne-2024-q2,email,synth_mail,1,44,2025-05-23,synthetic-normal
mar-000000509,509,  Koordinatenplatz   70,Vektorstetten,40771,DE,50.6008967,8.463093,Luca Beispiel,nika.muster24@example.invalid,Demo Solutions GmbH,kampagne-2024-q3,newsletter,synth_mail,0,35,2025-05-24,synthetic-normal
mar-000000510,510,  Qualitätsring   71,Vektorstetten,48690,DE,52.6287017,10.4214723,Robin Muster,robin.muster25@example.invalid,Beispiel GmbH,kampagne-2024-q3,event,synth_ads,true,24,25.05.2025,synthetic-normal
mar-000000511,511,Pipelineweg 72,Datenheim,56609,Deutschland,52.6212073,14.8171439,Sascha Testmann,nika.datenberg26@example.invalid,Beispiel GmbH,kampagne-2025-q3,newsletter,synth_ads,true,14,26/05/2025,synthetic-normal
mar-000000512,512,Prüfsummenstrasse 73,Nordhafen,64528,deu,47.6107574,6.2796019,Chris Muster,toni.datenberg27@example.invalid,Synthetika KG,kampagne-2024-q2,event,synth_mail,true,62,27/05/2025,synthetic-normal
mar-000000513,513,Datenstrasse 74, Vektorstetten ,72447,Deutschland,,11.2179819,Chris Muster,keine-angabe,Datenwerk e.K.,kampagne-2024-q2,email,synth_mail,no,-5,28.05.2025,synthetic-error
mar-000000514,514,Koordinatenplatz 75,Südwinkel,80366,deu,not-a-number,7.5637019,Toni Synthetik,chris.testmann@,Testfabrik UG,kampagne-2024-q2,event,synth_ads,nein,hoch,2025-05-29,synthetic-error
mar-000000515,515,Datenstraße 76,Vektorstetten,88285,deu,52.9294355,9.4569432,Kim Muster,luca.synthetik30@example.invalid,Datenwerk e.K.,kampagne-2025-q3,event,synth_social,0,23,2025-05-30,synthetic-normal
mar-000000516,516,  Datenstraße   77,Vektorstetten,16204,Deutschland,49.6059173,7.8270942,Toni Synthetik,kim.muster31@example.invalid,Muster AG,kampagne-2024-q1,referral,synth_mail,true,5,31.05.2025,synthetic-normal
mar-000000517,517,Vektorallee 78,Nordhafen,24123,deu,54.8204756,7.7317459,Kim Beispiel,chris.demoholz32@example.invalid,Demo Solutions GmbH,kampagne-2025-q2,search,synth_ads,,33,01.06.2025,synthetic-normal
mar-000000518,518,Koordinatenplatz 79,Nordhafen,32042,Deutschland,48.9665249,14.6800927,Robin Testmann,alex.synthetik33@example.invalid,Testfabrik UG,kampagne-2024-q2,newsletter,,true,80,02.06.2025,synthetic-normal
mar-000000519,519,Schemaweg 80,Ostfeld,39961,deu,50.6900249,12.5142695,Nika Testmann,robin.datenberg34@example.invalid,Beispiel GmbH,kampagne-2025-q4,social,,1,22,03.06.2025,synthetic-normal
mar-000000520,520,Vektorallee 81,Südwinkel,47880,deu,53.5129939,12.1237748,Sascha Beispiel,robin.beispiel35@example.invalid,Datenwerk e.K.,kampagne-2024-q4,event,,no,92,04.06.2025,synthetic-normal
mar-000000521,521,  Pipelineweg   82,Nordhafen,55799,DE,53.1021877,11.7292354,Alex Muster,sascha.beispiel36@example.invalid,Synthetika KG,kampagne-2024-q3,newsletter,synth_ads,yes,13,05/06/2025,synthetic-normal
mar-000000522,522,  Vektorallee   83,,63718,deu,49.6361259,10.2059571,Sascha Beispiel,keine-angabe,Beispiel GmbH,kampagne-2024-q1,email,synth_ads,,,2025-06-06,synthetic-error
mar-000000523,523,Datenstrasse 84,Ostfeld,71637,D,48.4200615,11.8293543,Sascha Demoholz,nika.demoholz38@example.invalid,Testfabrik UG,kampagne-2024-q2,event,synth_mail,no,28,2025-06-07,synthetic-normal
mar-000000524,524,Pipelineweg 85,Nordhafen,79556,DE,51.8942485,7.4382235,Chris Synthetik,robin.demoholz39@example.invalid,Datenwerk e.K.,kampagne-2024-q3,newsletter,synth_social,true,44,2025-06-08,synthetic-normal
mar-000000525,525,Koordinatenplatz 86,Vektorstetten,87475,DE,53.2953066,13.7277686,Robin Demoholz,robin.testmann40@example.invalid,Muster AG,kampagne-2025-q3,event,,no,14,2025/06/09,synthetic-normal
mar-000000526,526,Pipelineweg 87,Südwinkel,15394,D,49.9798266,10.3466996,Luca Demoholz,nika.synthetik41@example.invalid,Testfabrik UG,kampagne-2025-q2,social,synth_mail,JA,53,2025/06/10,synthetic-normal
mar-000000527,527,  Qualitätsring   88,Vektorstetten,23313,D,51.3047892,12.9446515,Sascha Demoholz,kim.muster42@example.invalid,Synthetika KG,kampagne-2024-q1,social,synth_ads,false,71,2025/06/11,synthetic-normal
mar-000000528,528,Datenstr. 89,Südwinkel,31232,Deutschland,50.7989517,13.4843215,Nika Muster,sascha.muster43@example.invalid,Beispiel GmbH,kampagne-2024-q3,email,synth_mail,JA,93,2025-06-12,synthetic-normal
mar-000000529,529,Datenstraße 90,Nordhafen,39151,D,53.6645227,13.8083882,Alex Muster,chris.muster44@example.invalid,Beispiel GmbH,kampagne-2024-q4,email,synth_ads,JA,19,13.06.2025,synthetic-normal
mar-000000530,530,  Schemaweg   91,Westbogen,47070,D,53.2386165,12.1962726,Toni Beispiel,robin.beispiel45@example.invalid,Testfabrik UG,kampagne-2024-q1,referral,synth_mail,,20,2025-06-14,synthetic-normal
mar-000000531,531,Spaltenweg 92, Datenheim ,54989,Deutschland,52.6910814,9.6977664,Robin Testmann,kim.synthetik46@example.invalid,Datenwerk e.K.,kampagne-2024-q3,newsletter,synth_mail,JA,79,2025-06-15,synthetic-normal
mar-000000532,532,  Pipelineweg   93,Vektorstetten,62908,D,53.587128,7.3163841,Chris Demoholz,nika.muster47@example.invalid,Synthetika KG,kampagne-2024-q2,email,synth_ads,false,77,16/06/2025,synthetic-normal
mar-000000533,533,Koordinatenplatz 178 ,DATENHEIM,51663,deu,53.1851854,13.5876242,Chris Beispiel,chris.demoholz80@example.invalid,Testfabrik UG,kampagne-2025-q3,referral,synth_ads,false,38,26/06/2024,synthetic-normal
mar-000000534,534,Datenstr. 95,Südwinkel,78746,DE,49.1265472,6.5823621,Alex Synthetik,luca.beispiel49@example.invalid,Beispiel GmbH,kampagne-2025-q2,email,synth_social,yes,45,18/06/2025,synthetic-normal
mar-000000535,535,  Koordinatenplatz   96,Südwinkel,86665,DE,49.8180182,14.0479029,Kim Synthetik,robin.beispiel50@example.invalid,Demo Solutions GmbH,kampagne-2025-q3,event,synth_ads,true,20,19.06.2025,synthetic-normal
mar-000000536,536,Pipelineweg 97,Vektorstetten,14584,deu,,7.2816326,Chris Datenberg,robin.testmann51(at)example.invalid,Synthetika KG,kampagne-2025-q3,email,,0,250,2025-06-20,synthetic-error
mar-000000537,537,Schemaweg 98,Ostfeld,22503,Deutschland,48.5898541,,Kim Testmann,CHRIS.TESTMANN52@EXAMPLE.INVALID,Beispiel GmbH,kampagne-2024-q3,newsletter,,true,hoch,21/06/2025,synthetic-error
mar-000000538,538,Spaltenweg 99,Westbogen,30422,D,50.4086526,11.5010882,Robin Datenberg,chris.synthetik53@example.invalid,Demo Solutions GmbH,kampagne-2025-q2,search,synth_ads,JA,64,2025/06/22,synthetic-normal
mar-000000539,539,Datenstraße 100,Südwinkel,38341,DE,48.474673,6.7687417,Nika Muster,nika.beispiel54@example.invalid,Muster AG,kampagne-2025-q3,event,synth_ads,false,59,2025/06/23,synthetic-normal
mar-000000540,540,Spaltenweg 101, Vektorstetten ,46260,DE,54.2726987,14.2869149,Nika Muster,nika.testmann55@example.invalid,Beispiel GmbH,kampagne-2025-q2,search,,0,89,2025/06/24,synthetic-normal
mar-000000541,541,  Vektorallee   102,Südwinkel,54179,Deutschland,51.6183699,14.8878588,Nika Beispiel,chris.datenberg56@example.invalid,Datenwerk e.K.,kampagne-2024-q4,email,synth_mail,yes,97,2025/06/25,synthetic-normal
mar-000000542,542,Pipelineweg 103,Ostfeld,62098,DE,49.5673597,12.3523017,Nika Synthetik,sascha.demoholz57@example.invalid,Synthetika KG,kampagne-2024-q3,email,synth_ads,JA,43,26/06/2025,synthetic-normal
mar-000000543,543,  Prüfsummenstraße   104,Vektorstetten,70017,deu,54.6384827,9.8184127,Nika Beispiel,sascha.beispiel58@example.invalid,Testfabrik UG,kampagne-2024-q3,search,synth_social,yes,19,2025/06/27,synthetic-normal
mar-000000544,544,Koordinatenplatz 105,Vektorstetten,77936,D,49.2973005,12.4450316,Luca Muster,luca.demoholz59@example.invalid,Demo Solutions GmbH,kampagne-2024-q2,email,synth_mail,0,53,28.06.2025,synthetic-normal
mar-000000545,545,Qualitätsring 106,Datenheim,85855,DE,50.1139488,9.146909,Toni Testmann,kim.demoholz60@example.invalid,Datenwerk e.K.,kampagne-2025-q4,event,,false,45,2025/06/29,synthetic-normal
mar-000000546,546,Pipelineweg 107,Westbogen,13774,deu,51.5009271,7.2964457,Nika Datenberg,toni.demoholz61@example.invalid,Testfabrik UG,kampagne-2025-q3,newsletter,synth_social,no,11,2025-06-30,synthetic-normal
mar-000000547,547,Prüfsummenstraße 108,Datenheim,999999,DE,52.1147912,10.430926,Alex Demoholz, toni.datenberg62@example.invalid ,Muster AG,kampagne-2025-q4,referral,,no,250,2025/07/01,synthetic-error
mar-000000548,548,  Prüfsummenstraße   109,Westbogen,29612,deu,51.1574622,8.2620041,Toni Testmann,nika.demoholz63@example.invalid,Muster AG,kampagne-2024-q1,event,synth_ads,yes,3,02.07.2025,synthetic-normal
mar-000000549,549,Koordinatenplatz 110, Datenheim ,37531,D,49.1379165,14.756111,Sascha Synthetik,nika.beispiel64@example.invalid,Demo Solutions GmbH,kampagne-2025-q3,social,,1,51,03/07/2025,synthetic-normal
mar-000000550,550,Pipelineweg 111,Vektorstetten,45450,D,53.7070335,11.5713291,Toni Synthetik,robin.testmann65@example.invalid,Muster AG,kampagne-2024-q2,email,synth_ads,JA,1,04.07.2025,synthetic-normal
mar-000000551,551,Prüfsummenstraße 194,Westbogen,80547,Deutschland,52.0651204,9.0611548,Alex Demoholz,kim.datenberg25@example.invalid,Synthetika KG,kampagne-2024-q1,event,synth_social,0,95,17.02.2025,synthetic-normal
mar-000000552,552,Datenstrasse 113,Vektorstetten,61288,Deutschland,48.7178193,11.803209,Sascha Testmann,sascha.synthetik67@example.invalid,Muster AG,kampagne-2025-q3,search,synth_ads,true,10,06.07.2025,synthetic-normal
mar-000000553,553,Pipelineweg 114,Datenheim,69207,DE,48.1137826,8.39866,Robin Beispiel,kim.datenberg68@example.invalid,Synthetika KG,kampagne-2024-q4,event,synth_ads,nein,2,2025/07/07,synthetic-normal
mar-000000554,554,Qualitätsring 106,Datenheim,85855,DE,50.1139488,9.146909,Toni Testmann,kim.demoholz60@example.invalid,Datenwerk e.K.,kampagne-2025-q4,event,,false,45,2025/06/29,synthetic-normal
mar-000000555,555,  Koordinatenplatz   116,Südwinkel,85045,Deutschland,47.3770662,7.4438291,Alex Beispiel,chris.testmann70@example.invalid,Datenwerk e.K.,kampagne-2024-q1,social,synth_social,no,24,2025-07-09,synthetic-normal
mar-000000556,556,Vektorallee 117,Nordhafen,12964,deu,47.5241819,7.0747982,Kim Demoholz,robin.testmann71@example.invalid,Synthetika KG,kampagne-2025-q4,social,synth_ads,false,90,10/07/2025,synthetic-normal
mar-000000557,557,  Prüfsummenstraße   118,Westbogen,20883,deu,48.803861,13.5835292,Toni Datenberg,kim.synthetik72@example.invalid,Demo Solutions GmbH,kampagne-2025-q1,social,synth_mail,nein,55,2025/07/11,synthetic-normal
mar-000000558,558,Koordinatenplatz 119, Ostfeld ,28802,deu,51.6102795,9.2404365,Kim Datenberg,robin.beispiel73@example.invalid,Demo Solutions GmbH,kampagne-2025-q1,referral,,true,77,12/07/2025,synthetic-normal
mar-000000559,559,  Koordinatenplatz   120,Westbogen,36721,deu,120,11.8439824,Chris Muster,CHRIS.BEISPIEL74@EXAMPLE.INVALID,Synthetika KG,kampagne-2024-q1,newsletter,synth_social,0,hoch,13/07/2025,synthetic-error
mar-000000560,560,Qualitätsring 121,Vektorstetten,44640,DE,51.6620078,11.7456851,Nika Testmann,chris.muster75@example.invalid,Muster AG,kampagne-2024-q1,event,,yes,35,2025/07/14,synthetic-normal
mar-000000561,561,  Koordinatenplatz   122,Nordhafen,52559,Deutschland,47.4355559,13.0064119,Alex Datenberg,toni.muster76@example.invalid,Datenwerk e.K.,kampagne-2024-q1,referral,synth_ads,false,82,2025-07-15,synthetic-normal
mar-000000562,562,  Spaltenweg   111,Südwinkel,81090,D,49.3735618,13.2410877,Chris Muster,luca.demoholz13@example.invalid,Synthetika KG,kampagne-2024-q3,email,synth_social,true,72,20.04.2024,synthetic-normal
mar-000000563,563,Koordinatenplatz 124,Datenheim,68397,Deutschland,51.0530214,6.2330695,Toni Demoholz,luca.datenberg78@example.invalid,Testfabrik UG,kampagne-2024-q2,search,synth_ads,yes,28,2025-07-17,synthetic-normal
mar-000000564,564,  Koordinatenplatz   125,Nordhafen,76316,deu,52.8032201,13.2729943,Alex Demoholz,alex.testmann79@example.invalid,Beispiel GmbH,kampagne-2024-q2,email,synth_social,no,33,18/07/2025,synthetic-normal
mar-000000565,565,Prüfsummenstr. 126,Südwinkel,84235,D,48.2112508,8.7378607,Robin Synthetik,nika.demoholz80@example.invalid,Datenwerk e.K.,kampagne-2024-q2,referral,synth_mail,nein,84,2025/07/19,synthetic-normal
mar-000000566,566,Spaltenweg 127,Westbogen,12154,DE,49.9828737,13.4869873,Sascha Demoholz,sascha.demoholz81@example.invalid,Beispiel GmbH,kampagne-2024-q2,event,synth_ads,0,1,20.07.2025,synthetic-normal
mar-000000567,567,Spaltenweg 128, Datenheim ,20073,Deutschland,53.0797085,8.668794,Luca Demoholz,robin.synthetik82@example.invalid,Beispiel GmbH,kampagne-2024-q3,social,synth_social,JA,57,21.07.2025,synthetic-normal
mar-000000568,568,  Schemaweg   129,Westbogen,27992,DE,48.419402,13.8610054,Kim Muster,alex.datenberg83@example.invalid,Muster AG,kampagne-2025-q1,email,,,57,22/07/2025,synthetic-normal
mar-000000569,569,Pipelineweg 130,Südwinkel,35911,D,51.116647,10.4729268,Alex Datenberg,toni.testmann84@example.invalid,Beispiel GmbH,kampagne-2024-q1,newsletter,,JA,24,23/07/2025,synthetic-normal
mar-000000570,570,  Schemaweg   131,Nordhafen,43830,DE,52.2122209,14.6225398,Sascha Beispiel,alex.beispiel85@example.invalid,Demo Solutions GmbH,kampagne-2025-q1,social,synth_ads,,12,24/07/2025,synthetic-normal
mar-000000571,571,  Prüfsummenstraße   132,Südwinkel,51749,Deutschland,51.0633046,7.3734679,Sascha Testmann,toni.demoholz86@example.invalid,Demo Solutions GmbH,kampagne-2025-q1,newsletter,synth_ads,no,23,2025/07/25,synthetic-normal
mar-000000572,572,Qualitätsring 133,Nordhafen,59668,deu,48.7238175,14.0787968,Robin Beispiel,luca.datenberg87@example.invalid,Synthetika KG,kampagne-2024-q1,social,synth_social,no,21,2025-07-26,synthetic-normal
mar-000000573,573,  Datenstraße   134,Ostfeld,67587,DE,47.6433415,5.9599956,Toni Muster,robin.muster88@example.invalid,Beispiel GmbH,kampagne-2024-q2,search,synth_social,nein,62,27/07/2025,synthetic-normal
mar-000000574,574,Spaltenweg 135,Nordhafen,75506,Deutschland,49.5886186,8.8703976,Luca Beispiel,toni.demoholz89@example.invalid,Demo Solutions GmbH,kampagne-2024-q1,social,,0,84,28.07.2025,synthetic-normal
mar-000000575,575,Prüfsummenstr. 136,Nordhafen,83425,deu,120,9.27556,Kim Testmann, luca.synthetik90@example.invalid ,Synthetika KG,kampagne-2025-q2,search,,JA,,29/07/2025,synthetic-error
mar-000000576,576,  Pipelineweg   137, Datenheim ,11344,Deutschland,49.4919049,14.719123,Luca Demoholz,robin.datenberg91@example.invalid,Testfabrik UG,kampagne-2024-q3,referral,synth_social,,85,30.07.2025,synthetic-normal
mar-000000577,577,Schemaweg 138,Südwinkel,19263,Deutschland,53.5735766,6.935609,Luca Testmann,alex.datenberg92@example.invalid,Synthetika KG,kampagne-2024-q1,email,synth_social,1,44,31/07/2025,synthetic-normal
mar-000000578,578,Vektorallee 139,Südwinkel,27182,deu,50.583586,14.2479905,Toni Muster,alex.datenberg93@example.invalid,Synthetika KG,kampagne-2024-q4,newsletter,,JA,51,2025-08-01,synthetic-normal
mar-000000579,579,Schemaweg 140,Vektorstetten,35101,Deutschland,53.4132899,7.0804225,Sascha Testmann,robin.datenberg94@example.invalid,Demo Solutions GmbH,kampagne-2024-q4,search,synth_social,no,38,2025/08/02,synthetic-normal
mar-000000580,580,Prüfsummenstraße 141,Ostfeld,43020,Deutschland,51.1289953,12.1035022,Chris Datenberg,chris.datenberg95@example.invalid,Datenwerk e.K.,kampagne-2025-q3,event,,yes,71,2025-08-03,synthetic-normal
mar-000000581,581,Vektorallee 142,Datenheim,50939,Deutschland,48.2672889,10.7980799,Toni Beispiel,nika.muster96@example.invalid,Datenwerk e.K.,kampagne-2024-q1,event,,yes,10,2025-08-04,synthetic-normal
mar-000000582,582,Pipelineweg 143,Westbogen,58858,D,52.5485061,13.7516899,Kim Demoholz,alex.demoholz0@example.invalid,Muster AG,kampagne-2024-q3,referral,,1,28,05.08.2025,synthetic-normal
mar-000000583,583,  Datenstraße   144,Südwinkel,66777,DE,47.8102797,7.2078032,Kim Synthetik,kim.muster1@example.invalid,Muster AG,kampagne-2024-q2,event,synth_ads,,56,2025/08/06,synthetic-normal
mar-000000584,584,Spaltenweg 147 ,OSTFELD,46174,D,50.409421,10.3238781,Luca Datenberg,robin.beispiel49@example.invalid,Demo Solutions GmbH,kampagne-2024-q1,social,synth_social,yes,35,26.05.2024,synthetic-normal
mar-000000585,585,Qualitätsring 146, Vektorstetten ,82615,D,53.8307855,11.4778584,Nika Muster,alex.muster3@example.invalid,Muster AG,kampagne-2024-q4,social,synth_mail,nein,61,08/08/2025,synthetic-normal
mar-000000586,586,Spaltenweg 147,,10534,D,52.6021605,6.7874897,Nika Datenberg,robin.beispiel4(at)example.invalid,Datenwerk e.K.,kampagne-2024-q2,referral,,yes,,2025-08-09,synthetic-error
mar-000000587,587,Koordinatenplatz 148,Vektorstetten,18453,D,49.4044707,14.8321339,Chris Synthetik,sascha.testmann5@example.invalid,Testfabrik UG,kampagne-2025-q3,referral,synth_ads,1,83,10.08.2025,synthetic-normal
mar-000000588,588,  Koordinatenplatz   149,Südwinkel,26372,Deutschland,53.2657031,11.8576843,Nika Beispiel,luca.datenberg6@example.invalid,Datenwerk e.K.,kampagne-2024-q3,referral,synth_social,1,89,11/08/2025,synthetic-normal
mar-000000589,589,Prüfsummenstraße 150,Vektorstetten,34291,deu,49.0609528,11.9204009,Luca Demoholz,luca.testmann7@example.invalid,Muster AG,kampagne-2024-q4,email,synth_mail,JA,96,2025/08/12,synthetic-normal
mar-000000590,590,Schemaweg 151,Vektorstetten,42210,DE,50.6556162,,Alex Muster,,Datenwerk e.K.,kampagne-2025-q3,social,synth_mail,0,,2025/08/13,synthetic-error
mar-000000591,591,  Vektorallee   152,Südwinkel,50129,DE,51.7240204,11.5878641,Kim Muster,alex.muster9@example.invalid,Beispiel GmbH,kampagne-2025-q2,event,synth_ads,false,23,2025/08/14,synthetic-normal
mar-000000592,592,Spaltenweg 153,Datenheim,58048,deu,53.3921288,9.8376782,Nika Beispiel,kim.muster10@example.invalid,Demo Solutions GmbH,kampagne-2025-q1,email,synth_ads,nein,29,2025-08-15,synthetic-normal
mar-000000593,593,Qualitätsring 154,Westbogen,65967,D,52.6448772,6.4251659,Robin Testmann,kim.synthetik11@example.invalid,Demo Solutions GmbH,kampagne-2024-q4,referral,synth_social,JA,79,2025-08-16,synthetic-normal
mar-000000594,594,Spaltenweg 155, Nordhafen ,73886,Deutschland,50.5026833,7.6447036,Alex Muster,sascha.synthetik12@example.invalid,Testfabrik UG,kampagne-2025-q2,newsletter,synth_ads,0,63,2025-08-17,synthetic-normal
mar-000000595,595,Datenstr. 156,Ostfeld,81805,DE,54.0451416,10.2046977,Robin Testmann,alex.beispiel13@example.invalid,Beispiel GmbH,kampagne-2025-q4,referral,synth_mail,false,55,2025/08/18,synthetic-normal
mar-000000596,596,Qualitätsring 157,Nordhafen,89724,deu,51.3598125,13.7147091,Alex Synthetik,luca.beispiel14@example.invalid,Datenwerk e.K.,kampagne-2025-q3,newsletter,synth_mail,JA,89,2025/08/19,synthetic-normal
mar-000000597,597,Pipelineweg 158,Westbogen,17643,D,,7.9911659,Kim Synthetik,alex.muster@,Testfabrik UG,kampagne-2024-q1,email,synth_mail,yes,-5,2025-08-20,synthetic-error
mar-000000598,598,Koordinatenplatz 159,Südwinkel,25562,D,not-a-number,6.9258625,Kim Beispiel, toni.synthetik16@example.invalid ,Datenwerk e.K.,kampagne-2025-q2,social,,true,,21/08/2025,synthetic-error
mar-000000599,599,Pipelineweg 160,Ostfeld,33481,D,49.4263572,7.6727054,Robin Synthetik,sascha.testmann17@example.invalid,Testfabrik UG,kampagne-2024-q4,email,synth_social,1,4,22.08.2025,synthetic-normal
mar-000000600,600,Spaltenweg 161,Nordhafen,41400,Deutschland,49.4125517,9.3344253,Kim Beispiel,toni.synthetik18@example.invalid,Datenwerk e.K.,kampagne-2025-q4,email,,JA,56,2024-01-01,synthetic-normal
mar-000000601,601,Prüfsummenstraße 162,Nordhafen,49319,Deutschland,54.4229016,14.1724968,Chris Testmann,sascha.beispiel19@example.invalid,Synthetika KG,kampagne-2025-q3,event,synth_ads,no,70,2024/01/02,synthetic-normal
mar-000000602,602,  Schemaweg   163,Vektorstetten,57238,Deutschland,48.5353714,9.3078775,Sascha Muster,alex.testmann20@example.invalid,Testfabrik UG,kampagne-2025-q1,email,synth_mail,,37,03/01/2024,synthetic-normal
mar-000000603,603,Schemaweg 164,,65157,DE,48.2447287,11.0296579,Chris Testmann,robin.datenberg@,Beispiel GmbH,kampagne-2025-q4,email,,yes,,2024/01/04,synthetic-error
mar-000000604,604,Pipelineweg 165,Datenheim,73076,Deutschland,,9.8520435,Toni Testmann, toni.datenberg22@example.invalid ,Muster AG,kampagne-2024-q3,social,synth_ads,0,-5,2024-01-05,synthetic-error
mar-000000605,605,Qualitätsring 166,Westbogen,80995,Deutschland,not-a-number,13.5733643,Chris Synthetik, alex.synthetik23@example.invalid ,Synthetika KG,kampagne-2024-q2,email,,no,-5,06.01.2024,synthetic-error
mar-000000606,606,Prüfsummenstraße 167,Westbogen,88914,deu,47.487679,11.384094,Chris Testmann,nika.demoholz24@example.invalid,Synthetika KG,kampagne-2025-q4,search,synth_ads,1,47,2024-01-07,synthetic-normal
mar-000000607,607,Datenstraße 168,Westbogen,16833,Deutschland,54.4435428,9.2853252,Alex Demoholz,robin.datenberg25@example.invalid,Testfabrik UG,kampagne-2024-q2,email,synth_mail,,73,2024/01/08,synthetic-normal
mar-000000608,608,  Datenstraße   169,Datenheim,24752,D,49.7087391,7.5942171,Toni Muster,chris.muster26@example.invalid,Synthetika KG,kampagne-2024-q4,event,synth_social,no,88,09.01.2024,synthetic-normal
mar-000000609,609,Prüfsummenstr. 170,Datenheim,32671,DE,54.2512299,11.8106353,Sascha Datenberg,nika.muster27@example.invalid,Demo Solutions GmbH,kampagne-2024-q3,referral,synth_mail,JA,86,10.01.2024,synthetic-normal
mar-000000610,610,Koordinatenplatz 171,Ostfeld,40590,D,51.1381971,7.1652669,Luca Demoholz,sascha.muster28@example.invalid,Datenwerk e.K.,kampagne-2024-q1,social,synth_ads,JA,33,2024/01/11,synthetic-normal
mar-000000611,611,  Datenstraße   172,Südwinkel,48509,DE,48.3060709,13.7752959,Nika Datenberg,chris.muster29@example.invalid,Datenwerk e.K.,kampagne-2024-q4,newsletter,synth_social,no,43,12/01/2024,synthetic-normal
mar-000000612,612,Datenstraße 173, Westbogen ,56428,D,54.2211241,11.6036544,Nika Testmann,luca.demoholz30@example.invalid,Muster AG,kampagne-2024-q3,newsletter,synth_ads,1,0,13/01/2024,synthetic-normal
mar-000000613,613,  Koordinatenplatz   174,Vektorstetten,64347,Deutschland,54.4802376,6.6914671,Toni Datenberg,chris.beispiel31@example.invalid,Demo Solutions GmbH,kampagne-2025-q3,search,synth_social,JA,40,14.01.2024,synthetic-normal
mar-000000614,614,  Qualitätsring   175,Datenheim,72266,Deutschland,120,8.4200768,Kim Testmann,toni.datenberg@,Muster AG,kampagne-2024-q3,search,synth_social,no,250,15/01/2024,synthetic-error
mar-000000615,615,Vektorallee 176,Nordhafen,80185,deu,47.3506548,13.4590414,Alex Testmann,sascha.testmann33@example.invalid,Demo Solutions GmbH,kampagne-2025-q3,newsletter,,,16,2024/01/16,synthetic-normal
mar-000000616,616,  Pipelineweg   177,Ostfeld,88104,Deutschland,7.0587259,47.9601651,Toni Demoholz,KIM.TESTMANN34@EXAMPLE.INVALID,Testfabrik UG,kampagne-2024-q4,newsletter,synth_ads,false,250,17/01/2024,synthetic-error
mar-000000617,617,Pipelineweg 178,Nordhafen,16023,D,48.0633349,12.2869539,Chris Muster,alex.demoholz35@example.invalid,Testfabrik UG,kampagne-2024-q1,social,synth_mail,JA,28,18.01.2024,synthetic-normal
mar-000000618,618,  Vektorallee   179,Südwinkel,23942,DE,54.526329,13.6858425,Sascha Beispiel,nika.beispiel36@example.invalid,Datenwerk e.K.,kampagne-2024-q4,newsletter,synth_mail,yes,53,19/01/2024,synthetic-normal
mar-000000619,619,Qualitätsring 180,Vektorstetten,31861,deu,53.9719613,13.534365,Toni Demoholz,luca.datenberg37@example.invalid,Testfabrik UG,kampagne-2025-q3,referral,synth_social,,61,20/01/2024,synthetic-normal
mar-000000620,620,  Schemaweg   181,Westbogen,39780,deu,6.8655365,52.3343782,Luca Testmann,,Datenwerk e.K.,kampagne-2024-q3,event,,JA,250,2024-01-21,synthetic-error
mar-000000621,621,Prüfsummenstraße 182, Westbogen ,47699,Deutschland,52.4299168,9.5833076,Luca Datenberg,nika.testmann39@example.invalid,Beispiel GmbH,kampagne-2025-q1,event,synth_mail,false,81,2024-01-22,synthetic-normal
mar-000000622,622,Vektorallee 183,Nordhafen,55618,Deutschland,48.2820365,10.7658593,Alex Datenberg,kim.demoholz40@example.invalid,Synthetika KG,kampagne-2025-q2,referral,synth_ads,yes,66,23.01.2024,synthetic-normal
mar-000000623,623,  Vektorallee   184,Südwinkel,63537,Deutschland,53.389769,14.1780148,Chris Datenberg,sascha.synthetik41@example.invalid,Testfabrik UG,kampagne-2024-q4,email,synth_ads,yes,96,2024-01-24,synthetic-normal
mar-000000624,624,Datenstrasse 185,Nordhafen,71456,deu,52.0998218,12.1302443,Alex Testmann,kim.datenberg42@example.invalid,Testfabrik UG,kampagne-2025-q3,social,synth_social,no,9,2024-01-25,synthetic-normal
mar-000000625,625,Prüfsummenstraße 186,Datenheim,79375,deu,48.0262307,11.2114013,Nika Muster,toni.testmann43@example.invalid,Datenwerk e.K.,kampagne-2024-q1,search,synth_social,nein,25,2024-01-26,synthetic-normal
mar-000000626,626,  Spaltenweg   187,Nordhafen,87294,deu,54.6483361,10.9611656,Luca Testmann,sascha.datenberg44@example.invalid,Beispiel GmbH,kampagne-2025-q4,newsletter,,false,97,2024-01-27,synthetic-normal
mar-000000627,627,  Datenstraße   188,Ostfeld,15213,Deutschland,50.923728,6.8023258,Toni Testmann,robin.demoholz45@example.invalid,Beispiel GmbH,kampagne-2024-q2,referral,synth_mail,0,62,28.01.2024,synthetic-normal
mar-000000628,628,Spaltenweg 189,Ostfeld,23132,Deutschland,50.4301252,12.6127024,Robin Beispiel,chris.demoholz46@example.invalid,Demo Solutions GmbH,kampagne-2025-q3,email,synth_social,0,96,2024/01/29,synthetic-normal
mar-000000629,629,Qualitätsring 190,Ostfeld,31051,DE,54.301351,9.7164586,Kim Datenberg,robin.beispiel47@example.invalid,Muster AG,kampagne-2024-q2,social,synth_mail,nein,14,2024-01-30,synthetic-normal
mar-000000630,630,Spaltenweg 191, Datenheim ,38970,D,50.335483,8.5301094,Nika Testmann,toni.synthetik48@example.invalid,Synthetika KG,kampagne-2025-q2,referral,synth_mail,1,37,31.01.2024,synthetic-normal
mar-000000631,631,Koordinatenplatz 192,Südwinkel,46889,Deutschland,54.3458049,12.4251984,Robin Muster,luca.beispiel49@example.invalid,Synthetika KG,kampagne-2025-q3,social,synth_mail,nein,8,2024-02-01,synthetic-normal
mar-000000632,632,  Pipelineweg   193,Nordhafen,54808,D,51.8178539,6.4143024,Sascha Testmann,alex.muster50@example.invalid,Synthetika KG,kampagne-2025-q1,event,synth_social,false,79,2024/02/02,synthetic-normal
mar-000000633,633,Qualitätsring 194,Nordhafen,62727,deu,49.4278901,8.2190261,Kim Muster,nika.testmann51@example.invalid,Demo Solutions GmbH,kampagne-2025-q1,newsletter,,0,21,2024-02-03,synthetic-normal
mar-000000634,634,Pipelineweg 195,Ostfeld,70646,DE,49.7573679,14.0427707,Alex Muster,luca.datenberg52@example.invalid,Testfabrik UG,kampagne-2025-q4,search,synth_social,,97,2024-02-04,synthetic-normal
mar-000000635,635,  Prüfsummenstraße   196,Datenheim,78565,Deutschland,51.3332099,13.9262276,Sascha Muster,toni.demoholz53@example.invalid,Muster AG,kampagne-2025-q3,referral,,nein,88,05/02/2024,synthetic-normal
mar-000000636,636,Prüfsummenstr. 197,Westbogen,86484,D,53.1576604,8.9831223,Nika Muster,sascha.datenberg54@example.invalid,Synthetika KG,kampagne-2024-q3,newsletter,synth_ads,0,56,06/02/2024,synthetic-normal
mar-000000637,637,Schemaweg 198,Westbogen,14403,Deutschland,51.1212295,,Toni Beispiel,toni.demoholz@,Datenwerk e.K.,kampagne-2024-q1,newsletter,synth_social,true,-5,2024-02-07,synthetic-error
mar-000000638,638,Spaltenweg 199,Nordhafen,22322,deu,52.6628608,7.4275506,Robin Beispiel,nika.beispiel56@example.invalid,Beispiel GmbH,kampagne-2025-q4,newsletter,synth_ads,false,12,08/02/2024,synthetic-normal
mar-000000639,639,Datenstr. 200, Westbogen ,30241,deu,54.1835081,11.1989969,Chris Synthetik,alex.demoholz57@example.invalid,Datenwerk e.K.,kampagne-2025-q3,newsletter,synth_ads,no,24,09.02.2024,synthetic-normal
mar-000000640,640,Spaltenweg 201,Südwinkel,ABCDE,D,48.6145584,12.6708215,Alex Testmann,toni.synthetik58(at)example.invalid,Beispiel GmbH,kampagne-2025-q2,event,synth_ads,nein,-5,2024-02-10,synthetic-error
mar-000000641,641,Datenstrasse 202,Südwinkel,46079,Deutschland,50.7986531,13.8702252,Sascha Testmann,sascha.demoholz59@example.invalid,Testfabrik UG,kampagne-2024-q3,search,synth_ads,JA,90,11/02/2024,synthetic-normal
mar-000000642,642,  Koordinatenplatz   203,Südwinkel,53998,Deutschland,54.0151212,7.4294312,Toni Testmann,luca.testmann60@example.invalid,Beispiel GmbH,kampagne-2025-q4,search,synth_social,false,98,2024/02/12,synthetic-normal
mar-000000643,643,Vektorallee 204,Datenheim,61917,D,48.4833521,11.032144,Nika Testmann,toni.muster61@example.invalid,Synthetika KG,kampagne-2025-q1,email,synth_mail,true,27,2024/02/13,synthetic-normal
mar-000000644,644,  Vektorallee   205,Datenheim,69836,Deutschland,50.1293489,9.2767734,Alex Testmann,kim.demoholz62@example.invalid,Synthetika KG,kampagne-2024-q1,social,,nein,42,14/02/2024,synthetic-normal
mar-000000645,645,Koordinatenplatz 206,Datenheim,77755,deu,9.8388801,53.0155433,Luca Synthetik,nika.demoholz@,Datenwerk e.K.,kampagne-2024-q4,search,synth_social,false,hoch,2024/02/15,synthetic-error
mar-000000646,646,Prüfsummenstraße 182, Westbogen ,47699,Deutschland,52.4299168,9.5833076,Luca Datenberg,nika.testmann39@example.invalid,Beispiel GmbH,kampagne-2025-q1,event,synth_mail,false,81,2024-01-22,synthetic-normal
mar-000000647,647,  Pipelineweg   208,Westbogen,13593,D,51.807378,7.3090389,Robin Testmann,sascha.synthetik65@example.invalid,Muster AG,kampagne-2024-q3,newsletter,synth_social,yes,11,17/02/2024,synthetic-normal
mar-000000648,648,  Koordinatenplatz   209, Ostfeld ,21512,DE,52.3054254,7.6437401,Robin Testmann,toni.beispiel66@example.invalid,Muster AG,kampagne-2024-q4,social,,no,92,18.02.2024,synthetic-normal
mar-000000649,649,Koordinatenplatz 210,Westbogen,29431,DE,50.8780853,12.1184352,Sascha Datenberg,nika.datenberg67@example.invalid,Testfabrik UG,kampagne-2024-q4,email,,1,40,19.02.2024,synthetic-normal
mar-000000650,650,  Schemaweg   211,Datenheim,37350,DE,49.9361906,11.9628654,Alex Muster,robin.muster68@example.invalid,Synthetika KG,kampagne-2025-q2,search,synth_ads,JA,9,20.02.2024,synthetic-normal
mar-000000651,651,Qualitätsring 212,Westbogen,45269,D,52.2707415,9.7165441,Toni Testmann,nika.demoholz69@example.invalid,Datenwerk e.K.,kampagne-2024-q1,search,,1,20,2024/02/21,synthetic-normal
mar-000000652,652,Spaltenweg 213,Vektorstetten,53188,DE,52.2846014,9.5211567,Alex Muster,chris.muster70@example.invalid,Demo Solutions GmbH,kampagne-2025-q3,newsletter,,yes,62,2024/02/22,synthetic-normal
mar-000000653,653,Prüfsummenstr. 214,,61107,D,51.1156681,12.9852325,Chris Synthetik, chris.beispiel71@example.invalid ,Datenwerk e.K.,kampagne-2025-q3,newsletter,synth_ads,1,-5,23/02/2024,synthetic-error
mar-000000654,654,  Spaltenweg   215,Westbogen,69026,DE,48.223791,10.304517,Chris Beispiel,chris.testmann72@example.invalid,Datenwerk e.K.,kampagne-2025-q2,newsletter,synth_social,yes,69,24/02/2024,synthetic-normal
mar-000000655,655,  Datenstraße   216,Vektorstetten,76945,DE,51.8279197,9.0866492,Alex Synthetik,nika.muster73@example.invalid,Muster AG,kampagne-2024-q2,referral,synth_ads,1,93,25.02.2024,synthetic-normal
mar-000000656,656,Schemaweg 217,Vektorstetten,84864,deu,54.282691,14.1129404,Luca Beispiel,kim.testmann74@example.invalid,Synthetika KG,kampagne-2024-q1,social,synth_ads,JA,65,2024-02-26,synthetic-normal
mar-000000657,657,  Schemaweg   218, Südwinkel ,12783,Deutschland,52.7841141,12.6327012,Kim Datenberg,kim.muster75@example.invalid,Demo Solutions GmbH,kampagne-2025-q1,search,synth_mail,yes,47,2024/02/27,synthetic-normal
mar-000000658,658,Schemaweg 219,Vektorstetten,20702,DE,51.8951315,14.169667,Toni Testmann,alex.datenberg76@example.invalid,Muster AG,kampagne-2024-q1,event,synth_mail,true,34,2024/02/28,synthetic-normal
mar-000000659,659,Koordinatenplatz 220,Nordhafen,28621,Deutschland,48.9800386,11.4247538,Luca Synthetik,nika.demoholz77@example.invalid,Demo Solutions GmbH,kampagne-2025-q2,referral,,nein,71,2024-02-29,synthetic-normal
mar-000000660,660,Spaltenweg 1,Vektorstetten,36540,D,48.9008442,12.2190734,Nika Testmann,nika.beispiel78@example.invalid,Testfabrik UG,kampagne-2024-q2,newsletter,,,44,2024-03-01,synthetic-normal
mar-000000661,661,Koordinatenplatz 2,Westbogen,44459,D,52.4262104,6.071994,Robin Synthetik,chris.synthetik79@example.invalid,Datenwerk e.K.,kampagne-2025-q3,email,synth_social,,95,2024/03/02,synthetic-normal
mar-000000662,662,  Vektorallee   3,Nordhafen,52378,DE,50.3076977,7.7440076,Kim Synthetik,toni.muster80@example.invalid,Muster AG,kampagne-2025-q3,referral,,false,96,03.03.2024,synthetic-normal
mar-000000663,663,Koordinatenplatz 4,Vektorstetten,60297,Deutschland,51.1175155,10.6990773,Sascha Datenberg,luca.datenberg81@example.invalid,Synthetika KG,kampagne-2025-q4,social,synth_mail,JA,36,2024-03-04,synthetic-normal
mar-000000664,664,Spaltenweg 5,Nordhafen,68216,D,51.7091995,9.6465191,Nika Datenberg,sascha.demoholz82@example.invalid,Beispiel GmbH,kampagne-2024-q4,social,synth_ads,JA,2,05/03/2024,synthetic-normal
mar-000000665,665,Spaltenweg 6,Nordhafen,76135,D,51.4956359,13.7436321,Robin Datenberg,chris.demoholz83@example.invalid,Muster AG,kampagne-2024-q3,event,synth_mail,false,16,06/03/2024,synthetic-normal
mar-000000666,666,Prüfsummenstrasse 182 ,DATENHEIM,83339,deu,48.5361895,6.4781264,Alex Testmann,alex.testmann84@example.invalid,Synthetika KG,kampagne-2024-q2,email,synth_social,1,48,30.06.2024,synthetic-normal
mar-000000667,667,Spaltenweg 8,Ostfeld,11973,DE,53.408021,13.5084541,Robin Muster,luca.demoholz85@example.invalid,Beispiel GmbH,kampagne-2024-q1,newsletter,synth_ads,JA,66,2024/03/08,synthetic-normal
mar-000000668,668,Prüfsummenstr. 9,Datenheim,19892,DE,52.7400409,200.0,Alex Datenberg,LUCA.DEMOHOLZ86@EXAMPLE.INVALID,Synthetika KG,kampagne-2025-q3,newsletter,synth_ads,false,hoch,2024/03/09,synthetic-error
mar-000000669,669,Pipelineweg 10,Vektorstetten,27811,Deutschland,48.3788208,8.0362318,Luca Muster,toni.beispiel87@example.invalid,Synthetika KG,kampagne-2024-q2,event,,0,96,10/03/2024,synthetic-normal
mar-000000670,670,  Koordinatenplatz   11,Datenheim,35730,Deutschland,51.8176538,12.8041692,Robin Synthetik,toni.beispiel88@example.invalid,Muster AG,kampagne-2025-q2,referral,synth_social,true,39,11.03.2024,synthetic-normal
mar-000000671,671,Spaltenweg 12,Vektorstetten,43649,deu,48.4135987,8.4894625,Nika Testmann,sascha.beispiel89@example.invalid,Muster AG,kampagne-2025-q1,social,synth_ads,true,46,2024/03/12,synthetic-normal
mar-000000672,672,Koordinatenplatz 13,Datenheim,51568,Deutschland,51.2773644,9.2774044,Luca Demoholz,robin.synthetik90@example.invalid,Datenwerk e.K.,kampagne-2024-q3,event,,yes,85,2024-03-13,synthetic-normal
mar-000000673,673,Qualitätsring 14,Vektorstetten,59487,DE,52.2399746,9.0798135,Luca Synthetik,alex.demoholz91@example.invalid,Demo Solutions GmbH,kampagne-2024-q4,newsletter,synth_mail,false,85,2024-03-14,synthetic-normal
mar-000000674,674,Koordinatenplatz 15,,67406,DE,54.6753229,6.3149682,Sascha Muster, toni.demoholz92@example.invalid ,Testfabrik UG,kampagne-2024-q4,social,,1,-5,15/03/2024,synthetic-error
mar-000000675,675,Pipelineweg 16, Nordhafen ,75325,deu,49.0296555,11.188232,Luca Datenberg,kim.synthetik93@example.invalid,Beispiel GmbH,kampagne-2025-q2,newsletter,synth_ads,0,61,2024-03-16,synthetic-normal
mar-000000676,676,Pipelineweg 17,Westbogen,83244,DE,51.7210229,13.7224797,Kim Demoholz,luca.demoholz94@example.invalid,Muster AG,kampagne-2025-q4,email,synth_social,JA,76,17/03/2024,synthetic-normal
mar-000000677,677,Spaltenweg 18,Westbogen,11163,Deutschland,53.8911833,8.0910024,Toni Demoholz,toni.demoholz95@example.invalid,Datenwerk e.K.,kampagne-2024-q2,social,,yes,40,2024/03/18,synthetic-normal
mar-000000678,678,Prüfsummenstr. 19,Ostfeld,19082,Deutschland,52.1479106,10.7550289,Robin Muster,kim.muster96@example.invalid,Muster AG,kampagne-2025-q1,referral,synth_social,false,98,2024/03/19,synthetic-normal
mar-000000679,679,Qualitätsring 20,Südwinkel,27001,D,53.2721646,13.641687,Robin Testmann,luca.demoholz0@example.invalid,Demo Solutions GmbH,kampagne-2025-q3,newsletter,synth_social,0,33,2024/03/20,synthetic-normal
mar-000000680,680,Koordinatenplatz 21,Vektorstetten,34920,Deutschland,53.6021578,8.7011891,Toni Datenberg,nika.datenberg1@example.invalid,Beispiel GmbH,kampagne-2025-q3,email,,false,82,21.03.2024,synthetic-normal
mar-000000681,681,Datenstrasse 22,Vektorstetten,42839,Deutschland,49.5404564,9.2359717,Chris Datenberg,nika.testmann2@example.invalid,Demo Solutions GmbH,kampagne-2024-q4,social,,true,13,2024-03-22,synthetic-normal
mar-000000682,682,  Spaltenweg   23,Nordhafen,50758,D,52.5272873,14.1617636,Luca Muster,toni.synthetik3@example.invalid,Demo Solutions GmbH,kampagne-2025-q3,email,synth_ads,yes,81,23/03/2024,synthetic-normal
mar-000000683,683,Schemaweg 24,Vektorstetten,58677,DE,49.7665459,12.9322348,Nika Muster,robin.synthetik4@example.invalid,Synthetika KG,kampagne-2024-q4,referral,synth_ads,nein,31,24/03/2024,synthetic-normal
mar-000000684,684,Schemaweg 25, Südwinkel ,66596,DE,53.9175125,12.2331121,Chris Testmann,luca.demoholz5@example.invalid,Muster AG,kampagne-2024-q3,search,,0,58,25/03/2024,synthetic-normal
mar-000000685,685,Schemaweg 26,Nordhafen,74515,deu,48.2058473,9.5791663,Nika Datenberg,alex.synthetik6@example.invalid,Beispiel GmbH,kampagne-2025-q2,email,,yes,64,26/03/2024,synthetic-normal
mar-000000686,686,Koordinatenplatz 27,Datenheim,82434,DE,54.7041293,12.9814115,Robin Synthetik,kim.synthetik7@example.invalid,Datenwerk e.K.,kampagne-2024-q4,email,,true,59,2024/03/27,synthetic-normal
mar-000000687,687,Vektorallee 28,Vektorstetten,10353,Deutschland,50.7507578,12.9862388,Nika Beispiel,nika.synthetik8@example.invalid,Synthetika KG,kampagne-2024-q1,referral,,yes,1,28.03.2024,synthetic-normal
mar-000000688,688,Qualitätsring 29,Vektorstetten,18272,deu,53.1514515,11.0848334,Chris Demoholz,robin.muster9@example.invalid,Muster AG,kampagne-2024-q4,search,synth_mail,no,3,2024-03-29,synthetic-normal
mar-000000689,689,Pipelineweg 30,Südwinkel,26191,deu,48.8329308,7.302258,Toni Muster,sascha.testmann10@example.invalid,Beispiel GmbH,kampagne-2024-q3,event,synth_ads,JA,3,2024/03/30,synthetic-normal
mar-000000690,690,  Qualitätsring   31,Ostfeld,34110,D,48.8096468,12.8930504,Kim Beispiel,robin.synthetik11@example.invalid,Demo Solutions GmbH,kampagne-2024-q2,social,synth_mail,no,62,31/03/2024,synthetic-normal
mar-000000691,691,Qualitätsring 32,Datenheim,42029,Deutschland,50.9326401,10.4803643,Luca Beispiel,alex.datenberg12@example.invalid,Datenwerk e.K.,kampagne-2025-q3,email,synth_social,false,39,2024-04-01,synthetic-normal
mar-000000692,692,Schemaweg 33,Nordhafen,49948,D,53.9571578,5.9458203,Toni Demoholz,chris.beispiel13@example.invalid,Muster AG,kampagne-2024-q4,social,synth_ads,1,66,02.04.2024,synthetic-normal
mar-000000693,693,Datenstraße 34, Südwinkel ,57867,Deutschland,50.1249507,9.6168626,Robin Datenberg,robin.muster14@example.invalid,Demo Solutions GmbH,kampagne-2024-q3,newsletter,synth_mail,false,14,03.04.2024,synthetic-normal
mar-000000694,694,Prüfsummenstrasse 79 ,DATENHEIM,49862,deu,47.3858592,7.6509217,Toni Testmann,kim.testmann7@example.invalid,Synthetika KG,kampagne-2025-q2,email,synth_ads,false,43,2024/10/25,synthetic-normal
mar-000000695,695,Schemaweg 36,Nordhafen,73705,Deutschland,47.5165764,10.1286214,Robin Datenberg,alex.synthetik16@example.invalid,Datenwerk e.K.,kampagne-2024-q3,social,synth_ads,yes,44,05.04.2024,synthetic-normal
mar-000000696,696,  Pipelineweg   37,Ostfeld,81624,D,48.321481,11.3500941,Alex Testmann,luca.datenberg17@example.invalid,Synthetika KG,kampagne-2024-q3,search,synth_social,no,61,2024/04/06,synthetic-normal
mar-000000697,697,Qualitätsring 38,Südwinkel,89543,deu,49.014194,6.5561387,Kim Demoholz,nika.testmann18@example.invalid,Demo Solutions GmbH,kampagne-2024-q2,social,synth_mail,true,23,07/04/2024,synthetic-normal
mar-000000698,698,Schemaweg 39,Westbogen,17462,deu,51.7032011,14.3985446,Alex Demoholz,nika.demoholz19@example.invalid,Beispiel GmbH,kampagne-2024-q4,social,synth_ads,1,81,2024-04-08,synthetic-normal
mar-000000699,699,Prüfsummenstr. 40,Ostfeld,25381,D,53.8183714,7.527284,Nika Datenberg,sascha.datenberg20@example.invalid,Demo Solutions GmbH,kampagne-2025-q1,referral,,no,95,09/04/2024,synthetic-normal
mar-000000700,700,Koordinatenplatz 41,Südwinkel,33300,Deutschland,49.8914708,13.8221342,Luca Demoholz,kim.demoholz21@example.invalid,Synthetika KG,kampagne-2025-q1,email,synth_social,JA,82,2024-04-10,synthetic-normal
mar-000000701,701,  Qualitätsring   42,Nordhafen,41219,Deutschland,48.2598743,8.9981431,Luca Datenberg,kim.synthetik22@example.invalid,Muster AG,kampagne-2025-q3,referral,synth_mail,1,87,11.04.2024,synthetic-normal
mar-000000702,702,Koordinatenplatz 43, Datenheim ,49138,DE,53.3819759,9.1364366,Sascha Demoholz,robin.testmann23@example.invalid,Muster AG,kampagne-2024-q2,newsletter,synth_mail,0,96,12.04.2024,synthetic-normal
mar-000000703,703,Prüfsummenstrasse 44,Ostfeld,57057,Deutschland,50.2622702,10.6000868,Nika Datenberg,luca.testmann24@example.invalid,Muster AG,kampagne-2025-q1,email,synth_ads,true,90,13/04/2024,synthetic-normal
mar-000000704,704,Pipelineweg 45,Südwinkel,64976,deu,50.9550841,7.2743272,Sascha Datenberg,robin.demoholz25@example.invalid,Datenwerk e.K.,kampagne-2025-q3,referral,synth_mail,0,44,2024-04-14,synthetic-normal
mar-000000705,705,  Vektorallee   46,Vektorstetten,72895,deu,48.8643163,7.1101576,Toni Testmann,alex.demoholz26@example.invalid,Beispiel GmbH,kampagne-2025-q1,referral,synth_ads,nein,29,2024/04/15,synthetic-normal
mar-000000706,706,Spaltenweg 47,Vektorstetten,80814,Deutschland,53.9517896,14.5352888,Alex Datenberg,toni.beispiel27@example.invalid,Testfabrik UG,kampagne-2025-q4,event,synth_mail,nein,97,16/04/2024,synthetic-normal
mar-000000707,707,Koordinatenplatz 48,Vektorstetten,12,D,53.6589893,14.6618487,Nika Beispiel,,Testfabrik UG,kampagne-2025-q1,search,synth_social,JA,,17/04/2024,synthetic-error
mar-000000708,708,  Qualitätsring   49,Ostfeld,16652,Deutschland,48.0901374,12.9844817,Luca Synthetik,nika.synthetik29@example.invalid,Demo Solutions GmbH,kampagne-2025-q3,email,synth_ads,no,73,2024-04-18,synthetic-normal
mar-000000709,709,  Koordinatenplatz   50,Vektorstetten,24571,DE,49.9395138,13.0508544,Luca Synthetik,alex.datenberg30@example.invalid,Testfabrik UG,kampagne-2025-q3,newsletter,synth_ads,0,72,19.04.2024,synthetic-normal
mar-000000710,710,Prüfsummenstrasse 79  ,DATENHEIM,49862,deu,47.3858592,7.6509217,Toni Testmann,kim.testmann7@example.invalid,Synthetika KG,kampagne-2025-q2,email,synth_ads,false,43,2024/10/25,synthetic-normal
mar-000000711,711,  Datenstraße   52, Westbogen ,40409,Deutschland,53.5196001,8.9652575,Sascha Testmann,luca.beispiel32@example.invalid,Synthetika KG,kampagne-2025-q4,newsletter,synth_social,1,26,21/04/2024,synthetic-normal
mar-000000712,712,  Vektorallee   53,Westbogen,48328,Deutschland,51.9846607,12.6067058,Sascha Testmann,toni.beispiel33@example.invalid,Testfabrik UG,kampagne-2024-q2,newsletter,,false,79,2024/04/22,synthetic-normal
mar-000000713,713,Qualitätsring 54,Ostfeld,56247,Deutschland,49.8612095,9.8274757,Chris Muster,robin.testmann34@example.invalid,Beispiel GmbH,kampagne-2024-q2,social,synth_social,,89,23/04/2024,synthetic-normal
mar-000000714,714,Prüfsummenstraße 55,Nordhafen,64166,D,53.776787,7.1410421,Chris Synthetik,chris.datenberg35@example.invalid,Muster AG,kampagne-2025-q3,email,synth_social,no,41,24.04.2024,synthetic-normal
mar-000000715,715,Vektorallee 56,Südwinkel,72085,deu,,7.8776604,Sascha Muster, alex.testmann36@example.invalid ,Beispiel GmbH,kampagne-2025-q4,event,,,250,2024/04/25,synthetic-error
mar-000000716,716,Prüfsummenstr. 57,Westbogen,80004,Deutschland,50.5779917,9.1535337,Sascha Testmann,chris.beispiel37@example.invalid,Testfabrik UG,kampagne-2024-q3,search,synth_mail,,74,26.04.2024,synthetic-normal
mar-000000717,717,Spaltenweg 58,Datenheim,87923,deu,52.7728075,12.4015937,Sascha Datenberg,toni.synthetik38@example.invalid,Beispiel GmbH,kampagne-2025-q4,referral,,nein,75,2024/04/27,synthetic-normal
mar-000000718,718,Datenstrasse 86 ,NORDHAFEN,25295,D,50.2785674,12.2830339,Luca Synthetik,chris.testmann14@example.invalid,Synthetika KG,kampagne-2024-q4,newsletter,synth_ads,nein,72,01.11.2024,synthetic-normal
mar-000000719,719,  Koordinatenplatz   60,Südwinkel,23761,DE,52.4832533,6.4017974,Toni Synthetik,toni.demoholz40@example.invalid,Beispiel GmbH,kampagne-2025-q4,event,synth_mail,JA,27,2024/04/29,synthetic-normal
mar-000000720,720,Schemaweg 61, Datenheim ,31680,D,48.3961713,10.764436,Chris Beispiel,alex.demoholz41@example.invalid,Synthetika KG,kampagne-2024-q2,email,synth_ads,,52,30.04.2024,synthetic-normal
mar-000000721,721,Vektorallee 62,Ostfeld,39599,DE,49.8216049,6.6662851,Nika Synthetik,nika.datenberg42@example.invalid,Datenwerk e.K.,kampagne-2025-q4,social,synth_social,1,12,01/05/2024,synthetic-normal
mar-000000722,722,  Schemaweg   63,Westbogen,47518,D,48.8246154,9.0310463,Kim Testmann,luca.beispiel43@example.invalid,Demo Solutions GmbH,kampagne-2025-q1,email,synth_ads,,7,02/05/2024,synthetic-normal
mar-000000723,723,Datenstraße 64,,55437,DE,53.3802901,11.0263236,Chris Beispiel,,Demo Solutions GmbH,kampagne-2025-q4,social,synth_mail,false,-5,03.05.2024,synthetic-error
mar-000000724,724,Spaltenweg 65,Ostfeld,63356,DE,52.0278279,14.404696,Kim Testmann,toni.beispiel45@example.invalid,Synthetika KG,kampagne-2024-q3,referral,synth_mail,no,63,04.05.2024,synthetic-normal
mar-000000725,725,  Koordinatenplatz   66,Datenheim,71275,D,53.2588761,14.4849021,Kim Testmann,sascha.testmann46@example.invalid,Muster AG,kampagne-2024-q4,event,synth_mail,JA,5,05/05/2024,synthetic-normal
mar-000000726,726,Qualitätsring 38 ,SÜDWINKEL,89543,deu,49.014194,6.5561387,Kim Demoholz,nika.testmann18@example.invalid,Demo Solutions GmbH,kampagne-2024-q2,social,synth_mail,true,23,07/04/2024,synthetic-normal
mar-000000727,727,Pipelineweg 68,Westbogen,87113,D,53.0526184,11.7174263,Toni Testmann,robin.datenberg48@example.invalid,Muster AG,kampagne-2025-q1,newsletter,,JA,55,2024/05/07,synthetic-normal
mar-000000728,728,Pipelineweg 69,Datenheim,999999,D,49.6248216,14.9290437,Toni Demoholz,ALEX.SYNTHETIK49@EXAMPLE.INVALID,Muster AG,kampagne-2024-q2,search,synth_mail,false,-5,2024-05-08,synthetic-error
mar-000000729,729,  Datenstraße   70, Datenheim ,22951,deu,51.1664664,12.0664272,Alex Muster,kim.datenberg50@example.invalid,Muster AG,kampagne-2024-q4,newsletter,synth_social,no,91,09.05.2024,synthetic-normal
mar-000000730,730,Datenstraße 71,Südwinkel,30870,DE,54.324773,5.8435968,Sascha Demoholz,chris.muster51@example.invalid,Datenwerk e.K.,kampagne-2024-q4,search,,yes,19,10.05.2024,synthetic-normal
mar-000000731,731,  Schemaweg   72,Vektorstetten,38789,Deutschland,48.8570597,13.8838656,Toni Datenberg,alex.datenberg52@example.invalid,Datenwerk e.K.,kampagne-2025-q3,search,synth_mail,nein,32,2024-05-11,synthetic-normal
mar-000000732,732,Spaltenweg 73,Südwinkel,46708,DE,52.1457376,6.8605613,Luca Beispiel,robin.synthetik53@example.invalid,Synthetika KG,kampagne-2024-q3,newsletter,synth_social,JA,36,12/05/2024,synthetic-normal
mar-000000733,733,Pipelineweg 74,Südwinkel,54627,DE,51.5160999,10.3812984,Robin Synthetik,alex.datenberg54@example.invalid,Datenwerk e.K.,kampagne-2024-q2,email,synth_mail,yes,49,13.05.2024,synthetic-normal
mar-000000734,734,Pipelineweg 75,Westbogen,62546,D,52.9114321,9.8666191,Alex Demoholz,sascha.muster55@example.invalid,Testfabrik UG,kampagne-2025-q2,email,synth_ads,1,43,14/05/2024,synthetic-normal
mar-000000735,735,Qualitätsring 76,Südwinkel,70465,Deutschland,51.1425189,7.8721675,Sascha Testmann,luca.beispiel56@example.invalid,Datenwerk e.K.,kampagne-2024-q2,social,synth_social,,20,15.05.2024,synthetic-normal
mar-000000736,736,Pipelineweg 77,Datenheim,78384,DE,52.0012553,7.3632202,Chris Testmann,alex.muster57@example.invalid,Beispiel GmbH,kampagne-2024-q4,email,,yes,72,2024-05-16,synthetic-normal
mar-000000737,737,Pipelineweg 78,Nordhafen,86303,DE,47.4504295,13.3807853,Luca Synthetik,nika.testmann58@example.invalid,Testfabrik UG,kampagne-2025-q3,event,synth_mail,nein,78,17/05/2024,synthetic-normal
mar-000000738,738,  Spaltenweg   79, Südwinkel ,14222,D,51.3770555,9.1132434,Robin Testmann,robin.datenberg59@example.invalid,Synthetika KG,kampagne-2024-q3,search,synth_ads,JA,38,18.05.2024,synthetic-normal
mar-000000739,739,Qualitätsring 10,Westbogen,45631,Deutschland,49.6006384,13.303196,Toni Muster,robin.demoholz61@example.invalid,Testfabrik UG,kampagne-2025-q1,email,synth_social,true,44,2025/03/25,synthetic-normal
mar-000000740,740,Prüfsummenstrasse 81,Westbogen,30060,deu,54.4582963,9.674494,Nika Datenberg,luca.datenberg61@example.invalid,Datenwerk e.K.,kampagne-2025-q4,search,synth_social,false,85,2024/05/20,synthetic-normal
mar-000000741,741,Qualitätsring 82,Datenheim,37979,deu,54.504838,12.5096226,Chris Datenberg,nika.testmann62@example.invalid,Testfabrik UG,kampagne-2025-q1,social,,1,60,2024-05-21,synthetic-normal
mar-000000742,742,Prüfsummenstraße 83,Westbogen,45898,deu,52.3133511,14.4215222,Nika Muster,luca.beispiel63@example.invalid,Testfabrik UG,kampagne-2024-q4,event,synth_mail,true,95,22.05.2024,synthetic-normal
mar-000000743,743,Qualitätsring 84,Ostfeld,53817,deu,53.8970288,7.0011068,Luca Testmann,alex.demoholz64@example.invalid,Beispiel GmbH,kampagne-2024-q2,email,synth_ads,yes,6,23/05/2024,synthetic-normal
mar-000000744,744,Koordinatenplatz 85,Südwinkel,61736,Deutschland,53.6891567,9.1390486,Chris Synthetik,luca.datenberg65@example.invalid,Synthetika KG,kampagne-2024-q3,search,synth_social,no,71,24.05.2024,synthetic-normal
mar-000000745,745,Prüfsummenstraße 86,Datenheim,69655,D,48.5029312,10.8813551,Luca Demoholz,toni.demoholz66@example.invalid,Muster AG,kampagne-2024-q2,newsletter,synth_mail,nein,12,2024-05-25,synthetic-normal
mar-000000746,746,  Prüfsummenstraße   87,Nordhafen,77574,Deutschland,54.3751606,11.1809991,Robin Datenberg,alex.datenberg67@example.invalid,Testfabrik UG,kampagne-2025-q2,search,synth_ads,false,8,26.05.2024,synthetic-normal
mar-000000747,747,Prüfsummenstrasse 88, Vektorstetten ,85493,deu,54.6079708,8.750427,Kim Testmann,luca.beispiel68@example.invalid,Demo Solutions GmbH,kampagne-2025-q3,social,synth_social,true,24,27/05/2024,synthetic-normal
mar-000000748,748,  Datenstraße   89,Südwinkel,13412,DE,52.2354789,12.2447369,Toni Datenberg,nika.testmann69@example.invalid,Beispiel GmbH,kampagne-2025-q1,newsletter,,no,42,2024-05-28,synthetic-normal
mar-000000749,749,Datenstraße 90,Südwinkel,21331,D,50.1881287,6.1310451,Toni Demoholz,nika.testmann70@example.invalid,Synthetika KG,kampagne-2025-q3,event,synth_social,1,44,29/05/2024,synthetic-normal
mar-000000750,750,Schemaweg 91,Vektorstetten,29250,DE,53.4216113,14.2027436,Kim Beispiel,robin.beispiel71@example.invalid,Muster AG,kampagne-2024-q2,social,synth_social,no,19,30.05.2024,synthetic-normal
mar-000000751,751,Datenstraße 92,Westbogen,37169,DE,48.4874528,11.5603627,Luca Demoholz,chris.demoholz72@example.invalid,Beispiel GmbH,kampagne-2024-q2,email,synth_mail,0,95,2024-05-31,synthetic-normal
mar-000000752,752,Pipelineweg 93,Vektorstetten,45088,deu,48.8976647,12.3962084,Nika Testmann,sascha.datenberg73@example.invalid,Muster AG,kampagne-2025-q4,referral,synth_mail,nein,36,2024-06-01,synthetic-normal
mar-000000753,753,Pipelineweg 94,Westbogen,53007,deu,53.9741425,11.0939935,Sascha Demoholz,kim.demoholz74@example.invalid,Beispiel GmbH,kampagne-2024-q4,social,synth_social,0,20,2024/06/02,synthetic-normal
mar-000000754,754,Prüfsummenstr. 95,Westbogen,60926,Deutschland,52.889368,10.6810678,Toni Testmann,robin.beispiel75@example.invalid,Beispiel GmbH,kampagne-2024-q2,event,synth_social,yes,79,2024/06/03,synthetic-normal
mar-000000755,755,Prüfsummenstraße 182, Westbogen ,47699,Deutschland,52.4299168,9.5833076,Luca Datenberg,nika.testmann39@example.invalid,Beispiel GmbH,kampagne-2025-q1,event,synth_mail,false,81,2024-01-22,synthetic-normal
mar-000000756,756,Pipelineweg 97, Westbogen ,76764,DE,51.6259286,12.4897701,Chris Datenberg,chris.demoholz77@example.invalid,Datenwerk e.K.,kampagne-2025-q2,event,synth_social,nein,40,05.06.2024,synthetic-normal
mar-000000757,757,  Koordinatenplatz   98,Ostfeld,84683,Deutschland,54.3181898,13.5876308,Nika Datenberg,luca.datenberg78@example.invalid,Muster AG,kampagne-2024-q3,newsletter,,JA,3,06.06.2024,synthetic-normal
mar-000000758,758,  Vektorallee   99,Ostfeld,12602,deu,48.4478937,14.503595,Sascha Beispiel,alex.datenberg79@example.invalid,Datenwerk e.K.,kampagne-2024-q3,search,synth_social,0,2,2024/06/07,synthetic-normal
mar-000000759,759,Schemaweg 100,Datenheim,20521,D,50.5897074,14.5154442,Robin Datenberg,alex.testmann80@example.invalid,Beispiel GmbH,kampagne-2024-q2,search,,true,18,08.06.2024,synthetic-normal
mar-000000760,760,  Qualitätsring   101,Westbogen,28440,deu,49.8732119,8.6576297,Nika Synthetik,kim.synthetik81@example.invalid,Muster AG,kampagne-2025-q1,search,synth_social,1,47,2024/06/09,synthetic-normal
mar-000000761,761,Datenstr. 50 ,DATENHEIM,42391,DE,52.4552153,14.8940545,Robin Datenberg,nika.demoholz4@example.invalid,Muster AG,kampagne-2024-q1,email,synth_social,nein,22,2025-05-04,synthetic-normal
mar-000000762,762,Qualitätsring 103,Ostfeld,44278,Deutschland,51.5179677,11.1104221,Chris Demoholz,sascha.muster83@example.invalid,Synthetika KG,kampagne-2024-q4,newsletter,synth_mail,0,62,2024/06/11,synthetic-normal
mar-000000763,763,  Pipelineweg   104,Datenheim,52197,Deutschland,47.9179383,10.3166524,Toni Beispiel,luca.datenberg84@example.invalid,Muster AG,kampagne-2025-q1,newsletter,synth_mail,false,99,2024-06-12,synthetic-normal
mar-000000764,764,Datenstr. 105,Datenheim,60116,D,51.570272,13.0098953,Chris Datenberg,chris.synthetik85@example.invalid,Demo Solutions GmbH,kampagne-2024-q4,newsletter,synth_mail,no,37,2024-06-13,synthetic-normal
mar-000000765,765,Schemaweg 106, Ostfeld ,68035,DE,49.5661453,7.6790082,Toni Beispiel,alex.demoholz86@example.invalid,Testfabrik UG,kampagne-2025-q3,email,synth_social,nein,99,14.06.2024,synthetic-normal
mar-000000766,766,  Vektorallee   107,Nordhafen,75954,Deutschland,50.7651686,7.6195823,Luca Testmann,robin.synthetik87@example.invalid,Muster AG,kampagne-2025-q2,email,synth_ads,yes,41,2024/06/15,synthetic-normal
mar-000000767,767,Prüfsummenstraße 108,Vektorstetten,83873,Deutschland,50.3060865,8.8048163,Alex Demoholz,toni.testmann88@example.invalid,Demo Solutions GmbH,kampagne-2024-q1,referral,synth_ads,1,63,2024-06-16,synthetic-normal
mar-000000768,768,Pipelineweg 109,Südwinkel,11792,DE,53.0354127,14.7453388,Chris Beispiel,nika.testmann89@example.invalid,Beispiel GmbH,kampagne-2025-q4,event,synth_ads,,53,2024/06/17,synthetic-normal
mar-000000769,769,Pipelineweg 110,Nordhafen,19711,Deutschland,49.0282108,6.3199304,Alex Beispiel,sascha.datenberg90@example.invalid,Beispiel GmbH,kampagne-2024-q1,social,synth_mail,1,17,18/06/2024,synthetic-normal
mar-000000770,770,Prüfsummenstraße 111,Westbogen,27630,D,47.4786998,12.375628,Nika Synthetik,kim.beispiel91@example.invalid,Muster AG,kampagne-2024-q1,social,synth_mail,nein,0,19/06/2024,synthetic-normal
mar-000000771,771,Koordinatenplatz 112,Südwinkel,35549,DE,54.255525,12.6471358,Toni Testmann,chris.synthetik92@example.invalid,Datenwerk e.K.,kampagne-2024-q3,social,synth_social,false,25,20/06/2024,synthetic-normal
mar-000000772,772,  Schemaweg   113,Datenheim,43468,D,48.8548845,6.8367801,Nika Beispiel,sascha.muster93@example.invalid,Demo Solutions GmbH,kampagne-2025-q1,newsletter,synth_mail,true,46,2024/06/21,synthetic-normal
mar-000000773,773,Qualitätsring 154 ,WESTBOGEN,65967,D,52.6448772,6.4251659,Robin Testmann,kim.synthetik11@example.invalid,Demo Solutions GmbH,kampagne-2024-q4,referral,synth_social,JA,79,2025-08-16,synthetic-normal
mar-000000774,774,Qualitätsring 115, Südwinkel ,59306,deu,53.8387209,7.6984448,Nika Demoholz,chris.datenberg95@example.invalid,Datenwerk e.K.,kampagne-2024-q3,event,,,76,23/06/2024,synthetic-normal
mar-000000775,775,Qualitätsring 116,Nordhafen,67225,DE,52.0065032,13.685927,Toni Beispiel,toni.datenberg96@example.invalid,Datenwerk e.K.,kampagne-2024-q3,email,synth_ads,false,27,24.06.2024,synthetic-normal
mar-000000776,776,Koordinatenplatz 117,Vektorstetten,75144,DE,49.5607714,6.1219333,Kim Testmann,robin.testmann0@example.invalid,Datenwerk e.K.,kampagne-2024-q4,email,synth_ads,nein,22,2024-06-25,synthetic-normal
mar-000000777,777,Spaltenweg 118,Vektorstetten,83063,D,47.7809572,12.164574,Sascha Beispiel,nika.demoholz1@example.invalid,Datenwerk e.K.,kampagne-2024-q1,email,,JA,59,2024/06/26,synthetic-normal
mar-000000778,778,Datenstraße 119,Westbogen,999999,Deutschland,52.7634184,7.6648274,Toni Beispiel, toni.muster2@example.invalid ,Testfabrik UG,kampagne-2025-q4,email,synth_ads,JA,hoch,27.06.2024,synthetic-error
mar-000000779,779,  Spaltenweg   120,Westbogen,18901,Deutschland,52.8191094,10.7750565,Chris Demoholz,chris.datenberg3@example.invalid,Muster AG,kampagne-2025-q3,search,,false,98,28/06/2024,synthetic-normal
mar-000000780,780,  Spaltenweg   121,Ostfeld,26820,DE,51.8763544,13.9399056,Chris Testmann,luca.datenberg4@example.invalid,Demo Solutions GmbH,kampagne-2024-q3,email,synth_social,,80,29.06.2024,synthetic-normal
mar-000000781,781,Vektorallee 122,Südwinkel,34739,D,47.9212498,9.6545798,Kim Synthetik,alex.synthetik5@example.invalid,Beispiel GmbH,kampagne-2024-q1,search,synth_mail,0,87,30/06/2024,synthetic-normal
mar-000000782,782,  Koordinatenplatz   123,Ostfeld,42658,deu,51.6853477,12.6984021,Kim Muster,luca.muster6@example.invalid,Testfabrik UG,kampagne-2024-q4,newsletter,synth_ads,,13,2024/07/01,synthetic-normal
mar-000000783,783,Schemaweg 124, Westbogen ,,deu,51.4189483,6.6886025,Sascha Beispiel,alex.beispiel7(at)example.invalid,Beispiel GmbH,kampagne-2024-q4,social,synth_ads,no,,2024/07/02,synthetic-error
mar-000000784,784,Datenstr. 125,Westbogen,58496,deu,49.6087782,11.4971715,Luca Demoholz,alex.demoholz8@example.invalid,Datenwerk e.K.,kampagne-2024-q1,event,synth_social,false,3,03/07/2024,synthetic-normal
mar-000000785,785,Prüfsummenstraße 126,Datenheim,66415,Deutschland,54.5133296,12.1006032,Alex Datenberg,alex.datenberg9@example.invalid,Beispiel GmbH,kampagne-2025-q4,search,synth_ads,no,31,2024-07-04,synthetic-normal
mar-000000786,786,  Qualitätsring   127,Westbogen,74334,D,48.9458207,9.5775853,Alex Demoholz,robin.synthetik10@example.invalid,Testfabrik UG,kampagne-2024-q1,referral,,no,64,05.07.2024,synthetic-normal
mar-000000787,787,Prüfsummenstraße 128,Nordhafen,82253,D,48.621782,9.9558786,Robin Beispiel,toni.synthetik11@example.invalid,Synthetika KG,kampagne-2025-q3,email,synth_mail,no,25,2024/07/06,synthetic-normal
mar-000000788,788,  Vektorallee   129,Südwinkel,10172,deu,12.0839048,49.8845351,Luca Muster,LUCA.DEMOHOLZ12@EXAMPLE.INVALID,Beispiel GmbH,kampagne-2024-q3,social,synth_mail,yes,hoch,2024/07/07,synthetic-error
mar-000000789,789,Koordinatenplatz 130,Nordhafen,18091,Deutschland,50.6158126,12.2588394,Kim Beispiel,kim.testmann13@example.invalid,Testfabrik UG,kampagne-2025-q2,event,,,31,08.07.2024,synthetic-normal
mar-000000790,790,Vektorallee 131,Datenheim,26010,Deutschland,51.5360004,10.1964936,Robin Synthetik,nika.beispiel14@example.invalid,Demo Solutions GmbH,kampagne-2024-q1,social,synth_mail,1,38,09.07.2024,synthetic-normal
mar-000000791,791,Koordinatenplatz 132,Nordhafen,33929,DE,51.2866797,8.2461652,Alex Testmann,robin.testmann15@example.invalid,Muster AG,kampagne-2025-q4,social,synth_mail,nein,61,2024/07/10,synthetic-normal
mar-000000792,792,Pipelineweg 133, Datenheim ,41848,deu,53.8450096,6.425545,Kim Synthetik,robin.muster16@example.invalid,Testfabrik UG,kampagne-2025-q3,newsletter,synth_social,0,33,2024/07/11,synthetic-normal
mar-000000793,793,Koordinatenplatz 75 ,SÜDWINKEL,80366,deu,not-a-number,7.5637019,Toni Synthetik,chris.testmann@,Testfabrik UG,kampagne-2024-q2,event,synth_ads,nein,hoch,2025-05-29,synthetic-error
mar-000000794,794,Qualitätsring 135,Datenheim,57686,deu,52.9894246,6.9714024,Nika Demoholz,robin.muster18@example.invalid,Demo Solutions GmbH,kampagne-2025-q1,event,synth_ads,JA,76,2024-07-13,synthetic-normal
mar-000000795,795,Vektorallee 136,Ostfeld,65605,Deutschland,50.8302539,13.2226647,Chris Testmann,chris.testmann19@example.invalid,Datenwerk e.K.,kampagne-2025-q4,event,synth_mail,nein,43,2024-07-14,synthetic-normal
mar-000000796,796,Pipelineweg 137,Westbogen,73524,Deutschland,51.817697,7.8961485,Chris Muster,sascha.testmann20@example.invalid,Synthetika KG,kampagne-2024-q4,search,,true,33,2024/07/15,synthetic-normal
mar-000000797,797,Vektorallee 138,Vektorstetten,81443,Deutschland,52.7159199,10.8867094,Sascha Datenberg,robin.beispiel21@example.invalid,Testfabrik UG,kampagne-2025-q1,newsletter,synth_mail,0,76,16/07/2024,synthetic-normal
mar-000000798,798,Spaltenweg 139,Ostfeld,89362,Deutschland,54.3868778,10.0235289,Chris Muster,toni.synthetik22@example.invalid,Beispiel GmbH,kampagne-2025-q1,email,,,50,2024-07-17,synthetic-normal
mar-000000799,799,Prüfsummenstraße 55,Nordhafen,64166,D,53.776787,7.1410421,Chris Synthetik,chris.datenberg35@example.invalid,Muster AG,kampagne-2025-q3,email,synth_social,no,41,24.04.2024,synthetic-normal
mar-000000800,800,  Schemaweg   141,Nordhafen,25200,D,52.0736567,10.3039483,Kim Datenberg,nika.datenberg24@example.invalid,Synthetika KG,kampagne-2024-q2,social,synth_mail,no,46,2024-07-19,synthetic-normal
mar-000000801,801,Koordinatenplatz 117 ,VEKTORSTETTEN,30784,deu,49.400842,7.5822147,Robin Demoholz,luca.datenberg45@example.invalid,Muster AG,kampagne-2024-q3,newsletter,synth_ads,yes,82,02/12/2024,synthetic-normal
mar-000000802,802,  Pipelineweg   143,Vektorstetten,41038,DE,47.3749063,8.9059742,Toni Testmann,nika.muster26@example.invalid,Muster AG,kampagne-2024-q4,referral,synth_social,,45,21.07.2024,synthetic-normal
mar-000000803,803,Koordinatenplatz 144,Ostfeld,48957,deu,51.4170057,5.9604533,Robin Beispiel,toni.datenberg27@example.invalid,Beispiel GmbH,kampagne-2024-q2,social,,0,30,2024/07/22,synthetic-normal
mar-000000804,804,Qualitätsring 145,Südwinkel,56876,Deutschland,50.6074689,13.7202363,Nika Datenberg,sascha.muster28@example.invalid,Beispiel GmbH,kampagne-2024-q2,event,,nein,19,2024/07/23,synthetic-normal
mar-000000805,805,Datenstr. 146,Vektorstetten,64795,D,50.6185422,13.8513498,Chris Testmann,alex.datenberg29@example.invalid,Demo Solutions GmbH,kampagne-2025-q3,event,synth_mail,false,18,2024-07-24,synthetic-normal
mar-000000806,806,Prüfsummenstrasse 147,Südwinkel,72714,deu,49.6880095,9.526941,Sascha Demoholz,toni.muster30@example.invalid,Datenwerk e.K.,kampagne-2025-q4,email,synth_mail,no,57,2024-07-25,synthetic-normal
mar-000000807,807,Prüfsummenstraße 148,Vektorstetten,80633,D,54.2098291,6.6230403,Toni Testmann,sascha.testmann31@example.invalid,Synthetika KG,kampagne-2025-q1,event,synth_mail,1,28,26.07.2024,synthetic-normal
mar-000000808,808,Koordinatenplatz 149,Nordhafen,88552,deu,48.0020635,12.1968777,Alex Testmann,kim.synthetik32@example.invalid,Synthetika KG,kampagne-2025-q4,social,synth_social,1,55,27/07/2024,synthetic-normal
mar-000000809,809,Prüfsummenstr. 150,Nordhafen,16471,deu,53.9257568,11.5126908,Robin Testmann,luca.datenberg33@example.invalid,Muster AG,kampagne-2024-q4,email,synth_mail,no,8,2024-07-28,synthetic-normal
mar-000000810,810,  Pipelineweg   151, Westbogen ,24390,deu,48.4606614,14.375781,Sascha Beispiel,chris.muster34@example.invalid,Synthetika KG,kampagne-2024-q1,referral,synth_ads,JA,17,29.07.2024,synthetic-normal
mar-000000811,811,Spaltenweg 171,Ostfeld,58410,Deutschland,54.1612243,8.2215908,Toni Synthetik,chris.datenberg2@example.invalid,Muster AG,kampagne-2025-q2,newsletter,,1,71,2025/01/25,synthetic-normal
mar-000000812,812,Koordinatenplatz 153,Ostfeld,40228,deu,52.6975898,12.3635532,Robin Demoholz,alex.beispiel36@example.invalid,Datenwerk e.K.,kampagne-2024-q3,email,synth_social,nein,67,2024/07/31,synthetic-normal
mar-000000813,813,  Prüfsummenstraße   154,Datenheim,48147,Deutschland,53.2765239,11.1127413,Nika Testmann,nika.muster37@example.invalid,Demo Solutions GmbH,kampagne-2025-q4,social,synth_ads,0,9,01/08/2024,synthetic-normal
mar-000000814,814,  Prüfsummenstraße   155,Westbogen,ABCDE,DE,49.6905434,7.6280662,Alex Muster, nika.demoholz38@example.invalid ,Datenwerk e.K.,kampagne-2024-q3,newsletter,synth_social,JA,250,02.08.2024,synthetic-error
mar-000000815,815,  Prüfsummenstraße   156,Westbogen,63985,deu,50.8210747,9.6253603,Alex Muster,robin.demoholz39@example.invalid,Beispiel GmbH,kampagne-2025-q1,search,synth_ads,false,59,2024/08/03,synthetic-normal
mar-000000816,816,Pipelineweg 157,Datenheim,71904,D,47.6079856,14.8284886,Luca Beispiel,chris.testmann40@example.invalid,Muster AG,kampagne-2025-q1,referral,synth_mail,yes,12,04.08.2024,synthetic-normal
mar-000000817,817,Datenstraße 158,Vektorstetten,79823,Deutschland,47.4834628,9.5113909,Luca Testmann,chris.testmann41@example.invalid,Synthetika KG,kampagne-2024-q1,referral,synth_ads,nein,97,2024/08/05,synthetic-normal
mar-000000818,818,Pipelineweg 159,Ostfeld,87742,Deutschland,52.3206836,9.8467254,Toni Muster,robin.muster42@example.invalid,Beispiel GmbH,kampagne-2025-q3,search,,0,5,2024-08-06,synthetic-normal
mar-000000819,819,  Qualitätsring   160, Ostfeld ,15661,deu,50.5445273,11.0273188,Sascha Beispiel,kim.muster43@example.invalid,Beispiel GmbH,kampagne-2025-q1,newsletter,,no,28,2024/08/07,synthetic-normal
mar-000000820,820,Spaltenweg 161,Ostfeld,23580,Deutschland,51.9876675,14.8110148,Luca Testmann,chris.demoholz44@example.invalid,Testfabrik UG,kampagne-2025-q2,referral,synth_mail,,87,08/08/2024,synthetic-normal
mar-000000821,821,Qualitätsring 162,Ostfeld,31499,D,49.3686328,14.4474484,Toni Datenberg,nika.beispiel45@example.invalid,Demo Solutions GmbH,kampagne-2025-q1,search,synth_ads,1,71,09.08.2024,synthetic-normal
mar-000000822,822,  Qualitätsring   163,Nordhafen,39418,Deutschland,50.4361022,9.4786265,Chris Testmann,kim.muster46@example.invalid,Muster AG,kampagne-2025-q4,newsletter,synth_ads,false,7,2024/08/10,synthetic-normal
mar-000000823,823,  Prüfsummenstraße   164,Westbogen,47337,Deutschland,48.1985207,7.9682773,Luca Datenberg,sascha.datenberg47@example.invalid,Datenwerk e.K.,kampagne-2024-q4,search,synth_mail,1,43,11.08.2024,synthetic-normal
mar-000000824,824,Pipelineweg 165,Vektorstetten,55256,DE,48.4403515,9.7425921,Kim Demoholz,robin.beispiel48@example.invalid,Beispiel GmbH,kampagne-2025-q4,social,synth_ads,1,37,12/08/2024,synthetic-normal
mar-000000825,825,Koordinatenplatz 166,Westbogen,63175,Deutschland,48.059782,14.9661029,Kim Beispiel,alex.muster49@example.invalid,Muster AG,kampagne-2025-q3,event,synth_ads,true,75,13/08/2024,synthetic-normal
mar-000000826,826,Schemaweg 167,Datenheim,71094,Deutschland,48.4961947,12.9398915,Kim Datenberg,sascha.demoholz50@example.invalid,Synthetika KG,kampagne-2024-q1,event,synth_social,1,88,2024/08/14,synthetic-normal
mar-000000827,827,Schemaweg 168,Ostfeld,79013,D,53.4329406,7.9631508,Toni Demoholz,chris.muster51@example.invalid,Muster AG,kampagne-2025-q4,social,synth_mail,yes,10,2024-08-15,synthetic-normal
mar-000000828,828,  Pipelineweg   169, Vektorstetten ,86932,DE,8.8610996,49.446812,Chris Synthetik,sascha.demoholz@,Datenwerk e.K.,kampagne-2025-q3,email,synth_social,0,hoch,2024-08-16,synthetic-error
mar-000000829,829,Pipelineweg 170,Westbogen,14851,D,48.7178749,10.3780757,Nika Demoholz,chris.datenberg53@example.invalid,Muster AG,kampagne-2025-q2,newsletter,,false,96,17.08.2024,synthetic-normal
mar-000000830,830,  Schemaweg   72 ,VEKTORSTETTEN,38789,Deutschland,48.8570597,13.8838656,Toni Datenberg,alex.datenberg52@example.invalid,Datenwerk e.K.,kampagne-2025-q3,search,synth_mail,nein,32,2024-05-11,synthetic-normal
mar-000000831,831,Koordinatenplatz 172,Südwinkel,,deu,51.1971615,10.3572904,Toni Muster,ROBIN.DATENBERG55@EXAMPLE.INVALID,Beispiel GmbH,kampagne-2025-q2,newsletter,synth_social,false,,2024-08-19,synthetic-error
mar-000000832,832,Qualitätsring 173,Vektorstetten,38608,Deutschland,51.3346052,13.9841946,Sascha Datenberg,alex.datenberg56@example.invalid,Testfabrik UG,kampagne-2025-q1,referral,,yes,36,20/08/2024,synthetic-normal
mar-000000833,833,Pipelineweg 195,Ostfeld,70646,DE,49.7573679,14.0427707,Alex Muster,luca.datenberg52@example.invalid,Testfabrik UG,kampagne-2025-q4,search,synth_social,,97,2024-02-04,synthetic-normal
mar-000000834,834,  Prüfsummenstraße   175,Datenheim,54446,deu,54.3154803,13.48018,Sascha Datenberg,toni.testmann58@example.invalid,Testfabrik UG,kampagne-2024-q1,social,synth_social,JA,33,2024-08-22,synthetic-normal
mar-000000835,835,Spaltenweg 176,Ostfeld,ABCDE,DE,54.5856446,13.1819988,Toni Synthetik,keine-angabe,Testfabrik UG,kampagne-2025-q1,referral,synth_ads,nein,250,23/08/2024,synthetic-error
mar-000000836,836,Koordinatenplatz 177,Südwinkel,70284,DE,52.5066387,6.5330274,Sascha Datenberg,alex.beispiel60@example.invalid,Muster AG,kampagne-2025-q1,social,synth_social,true,53,24.08.2024,synthetic-normal
mar-000000837,837,Vektorallee 178, Westbogen ,78203,Deutschland,54.8839266,12.1623289,Kim Beispiel,robin.beispiel61@example.invalid,Beispiel GmbH,kampagne-2024-q4,email,synth_social,1,14,2024/08/25,synthetic-normal
mar-000000838,838,Spaltenweg 179,Datenheim,86122,Deutschland,53.2697772,9.0775834,Kim Testmann,robin.datenberg62@example.invalid,Muster AG,kampagne-2025-q1,newsletter,synth_ads,no,8,26.08.2024,synthetic-normal
mar-000000839,839,  Qualitätsring   180,Vektorstetten,14041,Deutschland,47.5263972,13.6522573,Nika Beispiel,nika.muster63@example.invalid,Muster AG,kampagne-2024-q4,referral,,no,95,27.08.2024,synthetic-normal
mar-000000840,840,  Spaltenweg   181,Vektorstetten,21960,Deutschland,48.8132594,6.1860746,Luca Muster,alex.synthetik64@example.invalid,Synthetika KG,kampagne-2024-q1,newsletter,synth_social,false,53,2024-08-28,synthetic-normal
mar-000000841,841,Pipelineweg 182,Datenheim,29879,DE,51.8059298,10.1555543,Chris Beispiel,alex.demoholz65@example.invalid,Synthetika KG,kampagne-2024-q4,search,,true,4,2024-08-29,synthetic-normal
mar-000000842,842,Spaltenweg 56, Westbogen ,89905,deu,52.5282703,11.8960764,Alex Muster,alex.muster10@example.invalid,Muster AG,kampagne-2025-q1,social,synth_mail,,27,10/05/2025,synthetic-normal
mar-000000843,843,Prüfsummenstrasse 184,Ostfeld,45717,DE,54.7109846,9.1468242,Luca Testmann,toni.datenberg67@example.invalid,Beispiel GmbH,kampagne-2024-q1,search,synth_social,1,91,2024-08-31,synthetic-normal
mar-000000844,844,Pipelineweg 185,Westbogen,53636,Deutschland,49.7191691,6.9382881,Sascha Synthetik,kim.muster68@example.invalid,Beispiel GmbH,kampagne-2025-q1,search,synth_ads,,73,01/09/2024,synthetic-normal
mar-000000845,845,  Pipelineweg   186,Nordhafen,61555,Deutschland,54.2831712,9.6655746,Chris Testmann,alex.muster69@example.invalid,Beispiel GmbH,kampagne-2024-q2,referral,synth_ads,no,61,2024-09-02,synthetic-normal
mar-000000846,846,Pipelineweg 187, Datenheim ,69474,deu,47.9232675,7.3490942,Kim Demoholz,alex.datenberg70@example.invalid,Muster AG,kampagne-2024-q3,social,synth_mail,JA,0,03/09/2024,synthetic-normal
mar-000000847,847,  Qualitätsring   188,Nordhafen,77393,D,48.9036571,11.935317,Sascha Synthetik,toni.testmann71@example.invalid,Muster AG,kampagne-2025-q3,referral,,true,34,04.09.2024,synthetic-normal
mar-000000848,848,Prüfsummenstr. 189,Ostfeld,85312,DE,54.7314004,9.5310137,Sascha Demoholz,toni.demoholz72@example.invalid,Muster AG,kampagne-2024-q3,newsletter,synth_ads,0,16,2024-09-05,synthetic-normal
mar-000000849,849,Datenstraße 190,Südwinkel,13231,deu,49.4017729,6.8360447,Alex Demoholz,sascha.demoholz73@example.invalid,Beispiel GmbH,kampagne-2024-q1,event,synth_ads,false,26,2024/09/06,synthetic-normal
mar-000000850,850,Pipelineweg 191,Ostfeld,21150,D,52.3123537,12.0588937,Luca Demoholz,sascha.demoholz74@example.invalid,Muster AG,kampagne-2024-q4,event,synth_social,0,85,07.09.2024,synthetic-normal
mar-000000851,851,Prüfsummenstraße 192,Ostfeld,29069,D,48.5053988,12.9888164,Alex Demoholz,luca.synthetik75@example.invalid,Synthetika KG,kampagne-2024-q4,event,synth_ads,true,18,08/09/2024,synthetic-normal
mar-000000852,852,  Datenstraße   193,Datenheim,36988,DE,51.7572818,9.0001554,Sascha Datenberg,sascha.demoholz76@example.invalid,Synthetika KG,kampagne-2025-q4,event,synth_social,1,61,09.09.2024,synthetic-normal
mar-000000853,853,  Qualitätsring   194,Datenheim,44907,deu,48.1346654,12.4354326,Toni Demoholz,kim.testmann77@example.invalid,Testfabrik UG,kampagne-2025-q1,newsletter,,yes,8,2024-09-10,synthetic-normal
mar-000000854,854,Qualitätsring 195,Datenheim,52826,DE,48.4331319,5.9800444,Nika Synthetik,chris.beispiel78@example.invalid,Datenwerk e.K.,kampagne-2024-q4,social,synth_ads,true,92,2024/09/11,synthetic-normal
mar-000000855,855,  Qualitätsring   196, Datenheim ,60745,Deutschland,48.0302835,10.1410612,Sascha Muster,chris.beispiel79@example.invalid,Synthetika KG,kampagne-2025-q2,event,synth_mail,,42,2024/09/12,synthetic-normal
mar-000000856,856,Datenstraße 197,Südwinkel,68664,deu,50.4215883,6.2036661,Luca Datenberg,kim.beispiel80@example.invalid,Testfabrik UG,kampagne-2025-q4,newsletter,synth_mail,0,94,13.09.2024,synthetic-normal
mar-000000857,857,Schemaweg 198,Ostfeld,76583,DE,54.8339984,,Luca Muster, kim.testmann81@example.invalid ,Demo Solutions GmbH,kampagne-2024-q2,email,synth_social,,250,2024-09-14,synthetic-error
mar-000000858,858,  Datenstraße   199,Südwinkel,84502,D,54.0447589,6.7208606,Sascha Synthetik,toni.beispiel82@example.invalid,Datenwerk e.K.,kampagne-2025-q2,search,,,89,15.09.2024,synthetic-normal
mar-000000859,859,Pipelineweg 189,Südwinkel,40952,Deutschland,48.4934474,200.0,Luca Synthetik,LUCA.DEMOHOLZ20@EXAMPLE.INVALID,Muster AG,kampagne-2025-q2,search,synth_mail,no,250,2025/02/12,synthetic-error
mar-000000860,860,Qualitätsring 201,Südwinkel,20340,DE,52.8665457,7.6018757,Sascha Muster,robin.testmann84@example.invalid,Datenwerk e.K.,kampagne-2024-q1,newsletter,,0,79,17.09.2024,synthetic-normal
mar-000000861,861,Spaltenweg 73,Südwinkel,46708,DE,52.1457376,6.8605613,Luca Beispiel,robin.synthetik53@example.invalid,Synthetika KG,kampagne-2024-q3,newsletter,synth_social,JA,36,12/05/2024,synthetic-normal
mar-000000862,862,  Schemaweg   203,Nordhafen,36178,deu,50.9003484,5.8701297,Chris Beispiel,robin.demoholz86@example.invalid,Datenwerk e.K.,kampagne-2024-q2,email,synth_mail,0,9,19.09.2024,synthetic-normal
mar-000000863,863,Vektorallee 204,Vektorstetten,44097,Deutschland,54.0365503,7.2480538,Sascha Datenberg,nika.muster87@example.invalid,Demo Solutions GmbH,kampagne-2025-q4,search,synth_social,true,77,20.09.2024,synthetic-normal
mar-000000864,864,Datenstrasse 205, Ostfeld ,52016,D,54.3470815,13.8474676,Kim Demoholz,robin.beispiel88@example.invalid,Muster AG,kampagne-2024-q2,referral,,JA,83,21.09.2024,synthetic-normal
mar-000000865,865,Qualitätsring 18,Vektorstetten,28983,Deutschland,52.3665927,6.4140435,Sascha Datenberg,nika.synthetik69@example.invalid,Beispiel GmbH,kampagne-2025-q2,email,synth_ads,,98,02/04/2025,synthetic-normal
mar-000000866,866,Datenstraße 207,Datenheim,67854,DE,49.8772509,10.7456115,Toni Testmann,chris.synthetik90@example.invalid,Muster AG,kampagne-2024-q3,email,,nein,26,23.09.2024,synthetic-normal
mar-000000867,867,Pipelineweg 208,Nordhafen,75773,D,52.7789908,10.8298818,Chris Datenberg,robin.demoholz91@example.invalid,Synthetika KG,kampagne-2025-q2,email,synth_ads,yes,99,2024-09-24,synthetic-normal
mar-000000868,868,Datenstraße 209,Vektorstetten,83692,DE,47.9280078,7.5518826,Kim Datenberg,chris.beispiel92@example.invalid,Testfabrik UG,kampagne-2024-q1,newsletter,synth_mail,false,40,2024/09/25,synthetic-normal
mar-000000869,869,Schemaweg 210,Nordhafen,11611,deu,51.862647,11.1027421,Luca Testmann,luca.synthetik93@example.invalid,Beispiel GmbH,kampagne-2024-q3,social,synth_social,,79,2024-09-26,synthetic-normal
mar-000000870,870,  Prüfsummenstraße   211,Datenheim,19530,DE,47.3212465,8.2038247,Sascha Datenberg,chris.demoholz94@example.invalid,Synthetika KG,kampagne-2024-q2,search,synth_social,,19,2024/09/27,synthetic-normal
mar-000000871,871,Prüfsummenstrasse 212,Datenheim,27449,deu,54.8290733,9.2000099,Alex Testmann,toni.muster95@example.invalid,Demo Solutions GmbH,kampagne-2025-q3,newsletter,synth_ads,,91,2024-09-28,synthetic-normal
mar-000000872,872,Qualitätsring 213,,35368,D,51.9974924,13.0360137,Alex Synthetik,ROBIN.MUSTER96@EXAMPLE.INVALID,Beispiel GmbH,kampagne-2025-q1,email,synth_ads,JA,,2024-09-29,synthetic-error
mar-000000873,873,Schemaweg 214, Vektorstetten ,43287,deu,51.4608303,10.1575043,Sascha Synthetik,sascha.datenberg0@example.invalid,Testfabrik UG,kampagne-2024-q4,referral,synth_ads,JA,34,30.09.2024,synthetic-normal
mar-000000874,874,Prüfsummenstr. 215,Datenheim,51206,Deutschland,50.3980732,200.0,Sascha Datenberg,,Testfabrik UG,kampagne-2025-q3,social,synth_ads,true,,2024-10-01,synthetic-error
mar-000000875,875,Prüfsummenstrasse 216,Westbogen,59125,Deutschland,53.8836783,6.1893366,Nika Muster,chris.testmann2@example.invalid,Demo Solutions GmbH,kampagne-2024-q3,search,synth_mail,yes,85,2024-10-02,synthetic-normal
mar-000000876,876,Schemaweg 217,Datenheim,67044,DE,53.1674804,12.5231767,Chris Muster,robin.testmann3@example.invalid,Synthetika KG,kampagne-2024-q3,event,synth_ads,false,4,03/10/2024,synthetic-normal
mar-000000877,877,Schemaweg 218,Südwinkel,,deu,54.6699624,13.3802256,Sascha Synthetik,toni.synthetik4(at)example.invalid,Testfabrik UG,kampagne-2024-q2,event,synth_mail,1,-5,2024-10-04,synthetic-error
mar-000000878,878,Pipelineweg 219,Südwinkel,82882,deu,51.8092145,11.6040371,Sascha Datenberg,sascha.muster5@example.invalid,Datenwerk e.K.,kampagne-2025-q2,social,synth_ads,JA,4,2024-10-05,synthetic-normal
mar-000000879,879,Spaltenweg 220,Nordhafen,10801,D,54.6016235,13.6970818,Alex Beispiel,robin.muster6@example.invalid,Beispiel GmbH,kampagne-2024-q1,referral,synth_ads,false,99,2024/10/06,synthetic-normal
mar-000000880,880,Datenstrasse 1,Westbogen,18720,D,52.1399341,10.3756352,Toni Synthetik,kim.demoholz7@example.invalid,Datenwerk e.K.,kampagne-2024-q1,referral,synth_mail,JA,47,07/10/2024,synthetic-normal
mar-000000881,881,Schemaweg 2,,26639,Deutschland,48.1273066,8.4886401,Sascha Datenberg,LUCA.TESTMANN8@EXAMPLE.INVALID,Demo Solutions GmbH,kampagne-2024-q3,event,synth_mail,1,250,08.10.2024,synthetic-error
mar-000000882,882,  Qualitätsring   3, Westbogen ,34558,D,47.8832591,8.1473554,Alex Demoholz,toni.muster9@example.invalid,Demo Solutions GmbH,kampagne-2025-q3,newsletter,synth_ads,false,80,2024-10-09,synthetic-normal
mar-000000883,883,  Spaltenweg   4,Vektorstetten,42477,DE,51.2469783,6.683065,Robin Datenberg,alex.beispiel10@example.invalid,Muster AG,kampagne-2024-q1,referral,synth_mail,false,49,2024/10/10,synthetic-normal
mar-000000884,884,  Datenstraße   5,Ostfeld,50396,DE,49.7348744,-220.0,Kim Muster,sascha.testmann11(at)example.invalid,Synthetika KG,kampagne-2024-q1,event,synth_mail,JA,-5,2024/10/11,synthetic-error
mar-000000885,885,Vektorallee 6,Westbogen,58315,Deutschland,52.9974414,6.1711449,Sascha Testmann,alex.synthetik12@example.invalid,Datenwerk e.K.,kampagne-2024-q4,search,synth_social,0,61,12.10.2024,synthetic-normal
mar-000000886,886,Koordinatenplatz 7,Vektorstetten,66234,Deutschland,50.7316576,12.184498,Alex Synthetik,chris.synthetik13@example.invalid,Demo Solutions GmbH,kampagne-2024-q2,search,synth_social,1,2,2024/10/13,synthetic-normal
mar-000000887,887,  Vektorallee   8,Vektorstetten,74153,D,53.1263766,11.0689804,Nika Demoholz,toni.synthetik14@example.invalid,Testfabrik UG,kampagne-2025-q4,email,synth_social,1,68,14/10/2024,synthetic-normal
mar-000000888,888,Qualitätsring 9,Nordhafen,82072,Deutschland,47.4616776,10.4040331,Toni Synthetik,sascha.muster15@example.invalid,Muster AG,kampagne-2024-q2,social,synth_mail,true,99,15.10.2024,synthetic-normal
mar-000000889,889,  Datenstraße   10,Nordhafen,89991,D,48.4780062,11.6902031,Luca Datenberg,alex.demoholz16@example.invalid,Datenwerk e.K.,kampagne-2024-q3,newsletter,synth_mail,true,71,16.10.2024,synthetic-normal
mar-000000890,890,Koordinatenplatz 11,Datenheim,17910,deu,52.2951698,10.9626103,Alex Testmann,alex.testmann17@example.invalid,Datenwerk e.K.,kampagne-2024-q2,social,,false,3,17.10.2024,synthetic-normal
mar-000000891,891,  Vektorallee   12, Nordhafen ,25829,D,51.6541409,8.9714003,Kim Muster,alex.synthetik18@example.invalid,Datenwerk e.K.,kampagne-2025-q3,email,synth_mail,0,67,18/10/2024,synthetic-normal
mar-000000892,892,Pipelineweg 13,Westbogen,33748,D,51.4151574,8.0135274,Toni Synthetik,toni.demoholz19@example.invalid,Beispiel GmbH,kampagne-2024-q1,social,,0,0,2024-10-19,synthetic-normal
mar-000000893,893,  Prüfsummenstraße   14,Nordhafen,41667,DE,53.6361981,12.8219364,Sascha Beispiel,kim.demoholz20@example.invalid,Muster AG,kampagne-2025-q2,email,synth_ads,no,48,2024-10-20,synthetic-normal
mar-000000894,894,Schemaweg 15,Westbogen,49586,DE,50.7438405,12.9176198,Sascha Synthetik,luca.demoholz21@example.invalid,Datenwerk e.K.,kampagne-2024-q3,email,synth_social,0,81,21/10/2024,synthetic-normal
mar-000000895,895,  Spaltenweg   16,Ostfeld,57505,deu,47.7421832,14.4749646,Robin Demoholz,nika.datenberg22@example.invalid,Testfabrik UG,kampagne-2024-q3,referral,synth_mail,false,2,2024-10-22,synthetic-normal
mar-000000896,896,  Spaltenweg   17,Südwinkel,65424,DE,53.1452598,8.224622,Nika Synthetik,toni.beispiel23@example.invalid,Muster AG,kampagne-2024-q4,social,,0,11,23.10.2024,synthetic-normal
mar-000000897,897,Vektorallee 18,Ostfeld,73343,DE,50.8506652,14.3299346,Luca Beispiel,sascha.muster24@example.invalid,Testfabrik UG,kampagne-2024-q2,email,synth_mail,yes,48,2024-10-24,synthetic-normal
mar-000000898,898,Koordinatenplatz 19,Datenheim,81262,Deutschland,50.1574564,7.5515622,Luca Beispiel,toni.testmann25@example.invalid,Synthetika KG,kampagne-2024-q1,newsletter,synth_mail,false,6,25.10.2024,synthetic-normal
mar-000000899,899,Datenstraße 20,Westbogen,89181,DE,49.0974571,7.6849909,Toni Beispiel,nika.datenberg26@example.invalid,Demo Solutions GmbH,kampagne-2024-q2,social,,nein,85,26.10.2024,synthetic-normal
mar-000000900,900,Vektorallee 21,,17100,deu,48.0777685,7.5791456,Nika Muster,chris.demoholz@,Testfabrik UG,kampagne-2025-q4,social,,0,250,2024-10-27,synthetic-error
mar-000000901,901,  Koordinatenplatz   22,Südwinkel,25019,D,54.5942321,6.0108519,Nika Datenberg,kim.datenberg28@example.invalid,Datenwerk e.K.,kampagne-2024-q1,event,,0,51,28.10.2024,synthetic-normal
mar-000000902,902,  Datenstraße   23,Nordhafen,32938,deu,11.5884093,48.6714122,Chris Demoholz,robin.beispiel@,Testfabrik UG,kampagne-2025-q2,email,synth_social,,hoch,2024-10-29,synthetic-error
mar-000000903,903,Pipelineweg 24,Datenheim,40857,deu,49.7881833,9.4609601,Luca Synthetik,alex.synthetik30@example.invalid,Demo Solutions GmbH,kampagne-2025-q1,social,,,36,2024-10-30,synthetic-normal
mar-000000904,904,Datenstr. 25,Datenheim,48776,deu,52.3335832,10.7889974,Toni Synthetik,toni.demoholz31@example.invalid,Muster AG,kampagne-2025-q1,referral,synth_social,,70,2024-10-31,synthetic-normal
mar-000000905,905,  Spaltenweg   26,Nordhafen,56695,D,47.9966594,14.2975742,Sascha Synthetik,nika.datenberg32@example.invalid,Datenwerk e.K.,kampagne-2025-q4,social,synth_mail,yes,78,2024/11/01,synthetic-normal
mar-000000906,906,  Pipelineweg   27,Datenheim,64614,D,50.2220054,7.1792371,Nika Synthetik,luca.demoholz33@example.invalid,Muster AG,kampagne-2024-q3,search,synth_mail,nein,95,2024-11-02,synthetic-normal
mar-000000907,907,  Datenstraße   28,Vektorstetten,72533,deu,50.101975,12.198615,Alex Demoholz,chris.datenberg34@example.invalid,Datenwerk e.K.,kampagne-2025-q2,newsletter,,yes,3,2024-11-03,synthetic-normal
mar-000000908,908,Vektorallee 29,Westbogen,80452,Deutschland,48.6874259,10.6169809,Luca Synthetik,nika.muster35@example.invalid,Muster AG,kampagne-2025-q2,referral,synth_social,1,81,04.11.2024,synthetic-normal
mar-000000909,909,  Schemaweg   30, Südwinkel ,88371,deu,51.4509839,14.0939646,Kim Testmann,nika.muster36@example.invalid,Synthetika KG,kampagne-2024-q2,newsletter,synth_social,1,68,05/11/2024,synthetic-normal
mar-000000910,910,Vektorallee 31,Datenheim,16290,deu,50.3677507,11.219943,Sascha Testmann,chris.beispiel37@example.invalid,Muster AG,kampagne-2024-q2,referral,,false,46,2024-11-06,synthetic-normal
mar-000000911,911,  Schemaweg   32,Datenheim,24209,Deutschland,47.4188063,8.748061,Luca Demoholz,toni.testmann38@example.invalid,Muster AG,kampagne-2024-q1,social,synth_social,no,86,2024-11-07,synthetic-normal
mar-000000912,912,  Spaltenweg   33,Südwinkel,32128,Deutschland,8.2760308,51.7230249,Alex Beispiel,chris.muster@,Synthetika KG,kampagne-2024-q2,search,synth_social,nein,-5,08/11/2024,synthetic-error
mar-000000913,913,Vektorallee 34,Südwinkel,40047,D,50.9165028,13.5820538,Kim Muster,nika.datenberg40@example.invalid,Synthetika KG,kampagne-2024-q1,email,synth_social,1,89,2024-11-09,synthetic-normal
mar-000000914,914,Pipelineweg 35,Südwinkel,47966,D,50.2102862,10.6687515,Kim Demoholz,luca.synthetik41@example.invalid,Beispiel GmbH,kampagne-2024-q3,event,synth_ads,true,46,10.11.2024,synthetic-normal
mar-000000915,915,  Koordinatenplatz   36,Südwinkel,55885,Deutschland,51.5362901,14.1986143,Nika Datenberg,alex.testmann42@example.invalid,Demo Solutions GmbH,kampagne-2025-q3,event,,true,38,11.11.2024,synthetic-normal
mar-000000916,916,Koordinatenplatz 37,Westbogen,63804,D,54.6304691,13.1287425,Chris Demoholz,toni.muster43@example.invalid,Demo Solutions GmbH,kampagne-2024-q3,search,synth_ads,no,88,2024/11/12,synthetic-normal
mar-000000917,917,Datenstraße 38,Westbogen,71723,Deutschland,11.1942482,52.1576543,Sascha Beispiel,,Beispiel GmbH,kampagne-2025-q2,search,synth_ads,0,-5,13/11/2024,synthetic-error
mar-000000918,918,Prüfsummenstrasse 39, Westbogen ,79642,Deutschland,49.4611586,10.5822429,Nika Datenberg,luca.muster45@example.invalid,Datenwerk e.K.,kampagne-2024-q4,event,,nein,92,14/11/2024,synthetic-normal
mar-000000919,919,Datenstrasse 40,Datenheim,87561,deu,54.2862324,8.448802,Kim Synthetik,sascha.muster46@example.invalid,Testfabrik UG,kampagne-2024-q2,newsletter,synth_mail,0,8,15.11.2024,synthetic-normal
mar-000000920,920,Datenstr. 41,Nordhafen,15480,D,52.911053,13.9464356,Sascha Datenberg,toni.datenberg47@example.invalid,Muster AG,kampagne-2024-q4,newsletter,,false,3,16.11.2024,synthetic-normal
mar-000000921,921,  Pipelineweg   42,Südwinkel,23399,Deutschland,50.9486048,8.7518095,Chris Synthetik,toni.datenberg48@example.invalid,Muster AG,kampagne-2025-q3,social,synth_ads,false,18,2024-11-17,synthetic-normal
mar-000000922,922,  Spaltenweg   43,Datenheim,31318,deu,52.8446275,9.4109592,Robin Demoholz,luca.beispiel49@example.invalid,Testfabrik UG,kampagne-2025-q4,social,synth_ads,nein,87,18.11.2024,synthetic-normal
mar-000000923,923,Qualitätsring 44,Nordhafen,39237,Deutschland,48.6815984,7.2277632,Sascha Demoholz,nika.muster50@example.invalid,Beispiel GmbH,kampagne-2025-q3,search,synth_ads,true,30,19.11.2024,synthetic-normal
mar-000000924,924,Koordinatenplatz 45,Datenheim,47156,deu,49.7335481,14.4452044,Toni Datenberg,kim.datenberg51@example.invalid,Testfabrik UG,kampagne-2025-q4,newsletter,,0,20,2024/11/20,synthetic-normal
mar-000000925,925,Koordinatenplatz 46,Datenheim,55075,D,51.9452176,12.4702739,Robin Datenberg,luca.beispiel52@example.invalid,Muster AG,kampagne-2024-q3,event,synth_ads,1,7,21/11/2024,synthetic-normal
mar-000000926,926,  Spaltenweg   47,Südwinkel,62994,D,52.6801817,13.3210022,Robin Synthetik,sascha.muster53@example.invalid,Muster AG,kampagne-2024-q1,newsletter,synth_ads,1,46,2024/11/22,synthetic-normal
mar-000000927,927,Datenstrasse 48, Nordhafen ,70913,Deutschland,53.0835754,10.2982979,Luca Synthetik,luca.testmann54@example.invalid,Testfabrik UG,kampagne-2024-q4,newsletter,synth_social,,45,23.11.2024,synthetic-normal
mar-000000928,928,Datenstraße 49,Westbogen,78832,Deutschland,49.0957838,9.3682303,Kim Synthetik,chris.beispiel55@example.invalid,Datenwerk e.K.,kampagne-2024-q2,search,synth_mail,0,93,2024-11-24,synthetic-normal
mar-000000929,929,  Datenstraße   66,Ostfeld,89095,DE,50.0036549,11.4628783,Chris Testmann,chris.beispiel20@example.invalid,Beispiel GmbH,kampagne-2025-q2,newsletter,synth_mail,JA,45,2025-05-20,synthetic-normal
mar-000000930,930,Koordinatenplatz 51,Südwinkel,14670,D,49.4065998,13.784284,Sascha Beispiel,sascha.beispiel57@example.invalid,Demo Solutions GmbH,kampagne-2025-q3,event,synth_ads,0,87,2024/11/26,synthetic-normal
mar-000000931,931,  Vektorallee   52,Südwinkel,22589,deu,48.1782529,7.2481219,Luca Datenberg,luca.demoholz58@example.invalid,Muster AG,kampagne-2024-q1,email,synth_ads,no,14,2024/11/27,synthetic-normal
mar-000000932,932,Vektorallee 53,Vektorstetten,30508,DE,50.6933316,12.4515941,Luca Muster,sascha.synthetik59@example.invalid,Testfabrik UG,kampagne-2024-q4,email,synth_social,0,55,2024/11/28,synthetic-normal
mar-000000933,933,  Vektorallee   54,Vektorstetten,38427,Deutschland,53.2025305,6.753392,Toni Muster,kim.beispiel60@example.invalid,Synthetika KG,kampagne-2024-q1,referral,,,17,29/11/2024,synthetic-normal
mar-000000934,934,Koordinatenplatz 55,Westbogen,46346,D,48.2789363,13.5279207,Sascha Demoholz,chris.testmann61@example.invalid,Testfabrik UG,kampagne-2025-q3,email,synth_ads,0,91,30/11/2024,synthetic-normal
mar-000000935,935,Spaltenweg 56,Südwinkel,54265,D,48.2017425,8.3342498,Nika Testmann,chris.synthetik62@example.invalid,Synthetika KG,kampagne-2025-q3,search,synth_mail,0,3,01/12/2024,synthetic-normal
mar-000000936,936,Vektorallee 57, Ostfeld ,62184,DE,50.5106944,9.1287677,Robin Datenberg,sascha.synthetik63@example.invalid,Datenwerk e.K.,kampagne-2025-q1,email,synth_mail,yes,56,2024-12-02,synthetic-normal
mar-000000937,937,  Datenstraße   58,Südwinkel,70103,Deutschland,51.3359587,14.4954024,Kim Testmann,chris.testmann64@example.invalid,Muster AG,kampagne-2024-q1,social,synth_social,yes,31,2024-12-03,synthetic-normal
mar-000000938,938,  Prüfsummenstraße   59,Vektorstetten,78022,D,50.1011024,14.0159913,Toni Synthetik,kim.testmann65@example.invalid,Datenwerk e.K.,kampagne-2025-q2,search,synth_social,JA,22,04.12.2024,synthetic-normal
mar-000000939,939,Vektorallee 60,Nordhafen,85941,DE,47.6353394,6.346466,Kim Synthetik,kim.beispiel66@example.invalid,Muster AG,kampagne-2024-q1,newsletter,,,29,2024-12-05,synthetic-normal
mar-000000940,940,  Pipelineweg   61,Datenheim,13860,DE,51.437232,10.5550377,Chris Datenberg,kim.muster67@example.invalid,Demo Solutions GmbH,kampagne-2024-q1,newsletter,synth_ads,false,90,2024-12-06,synthetic-normal
mar-000000941,941,  Datenstraße   62,Südwinkel,21779,DE,50.8107909,7.9085388,Kim Beispiel,toni.testmann68@example.invalid,Demo Solutions GmbH,kampagne-2025-q1,event,synth_social,0,51,07.12.2024,synthetic-normal
mar-000000942,942,  Datenstraße   63,Datenheim,29698,Deutschland,50.6958307,12.2713514,Toni Datenberg,alex.muster69@example.invalid,Beispiel GmbH,kampagne-2024-q1,search,synth_mail,0,77,2024/12/08,synthetic-normal
mar-000000943,943,Spaltenweg 64,Ostfeld,37617,D,53.5562674,6.5261874,Kim Synthetik,sascha.muster70@example.invalid,Testfabrik UG,kampagne-2025-q4,email,synth_ads,yes,34,2024/12/09,synthetic-normal
mar-000000944,944,Koordinatenplatz 65,,45536,DE,50.6966785,10.2680139,Luca Beispiel,TONI.BEISPIEL71@EXAMPLE.INVALID,Testfabrik UG,kampagne-2025-q1,referral,synth_mail,,-5,10/12/2024,synthetic-error
mar-000000945,945,Qualitätsring 133,Nordhafen,59668,deu,48.7238175,14.0787968,Robin Beispiel,luca.datenberg87@example.invalid,Synthetika KG,kampagne-2024-q1,social,synth_social,no,21,2025-07-26,synthetic-normal
mar-000000946,946,Vektorallee 67,Datenheim,61374,DE,53.4395227,8.5381855,Luca Datenberg,luca.demoholz73@example.invalid,Muster AG,kampagne-2024-q2,social,,nein,87,2024-12-12,synthetic-normal
mar-000000947,947,Schemaweg 68,Ostfeld,69293,DE,48.428143,10.2615899,Alex Datenberg,luca.synthetik74@example.invalid,Synthetika KG,kampagne-2024-q4,social,synth_mail,false,55,13.12.2024,synthetic-normal
mar-000000948,948,Schemaweg 69,Ostfeld,77212,DE,47.8091665,13.367423,Toni Muster,nika.demoholz75@example.invalid,Muster AG,kampagne-2024-q1,social,,yes,65,2024/12/14,synthetic-normal
mar-000000949,949,Vektorallee 70,Nordhafen,85131,deu,52.3217452,11.8652274,Toni Beispiel,kim.muster76@example.invalid,Synthetika KG,kampagne-2025-q4,social,synth_ads,no,56,2024-12-15,synthetic-normal
mar-000000950,950,Schemaweg 71,Nordhafen,13050,D,54.0956433,8.5978495,Robin Muster,kim.datenberg77@example.invalid,Synthetika KG,kampagne-2024-q4,referral,,,47,2024/12/16,synthetic-normal
mar-000000951,951,Datenstraße 72,Nordhafen,20969,D,50.904738,10.1541324,Kim Muster,sascha.datenberg78@example.invalid,Demo Solutions GmbH,kampagne-2024-q2,search,,no,97,2024-12-17,synthetic-normal
mar-000000952,952,Spaltenweg 73,Datenheim,28888,D,51.5536357,10.4431177,Luca Demoholz,nika.synthetik79@example.invalid,Testfabrik UG,kampagne-2025-q4,newsletter,synth_ads,true,5,18/12/2024,synthetic-normal
mar-000000953,953,  Pipelineweg   74,,36807,DE,51.0571016,10.8770017,Sascha Muster,,Testfabrik UG,kampagne-2024-q4,search,,false,-5,2024/12/19,synthetic-error
mar-000000954,954,Prüfsummenstrasse 75, Nordhafen ,44726,D,52.6352838,8.4039679,Nika Datenberg,sascha.demoholz81@example.invalid,Synthetika KG,kampagne-2025-q3,email,synth_social,nein,65,20/12/2024,synthetic-normal
mar-000000955,955,Vektorallee 76,Südwinkel,52645,deu,54.7573198,9.0712565,Sascha Demoholz,nika.testmann82@example.invalid,Demo Solutions GmbH,kampagne-2024-q3,email,synth_mail,true,68,2024/12/21,synthetic-normal
mar-000000956,956,  Datenstraße   77,Westbogen,60564,D,50.9443794,14.9134758,Luca Synthetik,kim.datenberg83@example.invalid,Beispiel GmbH,kampagne-2024-q2,email,synth_social,no,27,2024-12-22,synthetic-normal
mar-000000957,957,Qualitätsring 78,Datenheim,68483,deu,54.8892003,13.8328217,Nika Beispiel,sascha.muster84@example.invalid,Datenwerk e.K.,kampagne-2025-q3,email,synth_social,1,31,2024-12-23,synthetic-normal
mar-000000958,958,  Pipelineweg   79,Vektorstetten,76402,DE,54.2160742,9.1149089,Toni Testmann,luca.muster85@example.invalid,Synthetika KG,kampagne-2024-q2,referral,synth_ads,JA,40,2024-12-24,synthetic-normal
mar-000000959,959,Schemaweg 80,Ostfeld,84321,D,53.7229723,10.1244252,Luca Demoholz,kim.synthetik86@example.invalid,Muster AG,kampagne-2025-q1,referral,synth_ads,,69,2024-12-25,synthetic-normal
mar-000000960,960,Vektorallee 81,Ostfeld,12240,Deutschland,50.444116,13.5996763,Kim Muster,chris.synthetik87@example.invalid,Muster AG,kampagne-2025-q3,newsletter,,true,69,2024/12/26,synthetic-normal
mar-000000961,961,  Qualitätsring   82,Datenheim,20159,D,49.66828,10.4618533,Toni Demoholz,kim.testmann88@example.invalid,Synthetika KG,kampagne-2025-q1,search,synth_ads,no,15,27.12.2024,synthetic-normal
mar-000000962,962,  Datenstraße   83,Südwinkel,28078,D,54.057569,6.2092936,Kim Beispiel,luca.beispiel89@example.invalid,Datenwerk e.K.,kampagne-2024-q1,social,,0,53,28/12/2024,synthetic-normal
mar-000000963,963,Vektorallee 84, Westbogen ,35997,Deutschland,50.1301516,6.3134645,Luca Beispiel,alex.beispiel90@example.invalid,Demo Solutions GmbH,kampagne-2025-q1,social,synth_social,,74,29/12/2024,synthetic-normal
mar-000000964,964,  Prüfsummenstraße   85,Westbogen,43916,D,50.578184,9.5762348,Chris Datenberg,toni.muster91@example.invalid,Beispiel GmbH,kampagne-2025-q1,search,,false,62,2024/12/30,synthetic-normal
mar-000000965,965,Spaltenweg 86,Südwinkel,51835,deu,53.2375722,13.2084346,Alex Datenberg,robin.muster92@example.invalid,Synthetika KG,kampagne-2025-q1,event,,1,81,31.12.2024,synthetic-normal
mar-000000966,966,Schemaweg 87,Vektorstetten,59754,Deutschland,51.8877435,8.992616,Alex Beispiel,nika.muster93@example.invalid,Muster AG,kampagne-2024-q2,social,synth_mail,true,23,2025/01/01,synthetic-normal
mar-000000967,967,Spaltenweg 88,Westbogen,67673,DE,50.2650907,6.753638,Robin Testmann,kim.beispiel94@example.invalid,Synthetika KG,kampagne-2025-q1,referral,,yes,0,2025-01-02,synthetic-normal
mar-000000968,968,  Prüfsummenstraße   89,Datenheim,75592,deu,48.788717,6.5280157,Chris Datenberg,alex.testmann95@example.invalid,Datenwerk e.K.,kampagne-2024-q3,newsletter,,true,21,2025/01/03,synthetic-normal
mar-000000969,969,Spaltenweg 56 , WESTBOGEN ,89905,deu,52.5282703,11.8960764,Alex Muster,alex.muster10@example.invalid,Muster AG,kampagne-2025-q1,social,synth_mail,,27,10/05/2025,synthetic-normal
mar-000000970,970,Schemaweg 91,Ostfeld,11430,Deutschland,49.0326172,8.9806169,Nika Synthetik,alex.datenberg0@example.invalid,Demo Solutions GmbH,kampagne-2025-q2,newsletter,synth_mail,false,33,05.01.2025,synthetic-normal
mar-000000971,971,Qualitätsring 92,Westbogen,19349,Deutschland,47.658333,12.0175498,Nika Testmann,toni.demoholz1@example.invalid,Synthetika KG,kampagne-2025-q1,newsletter,,false,94,06.01.2025,synthetic-normal
mar-000000972,972,Pipelineweg 93, Südwinkel ,27268,deu,54.4033762,14.8594745,Toni Synthetik,luca.demoholz2@example.invalid,Demo Solutions GmbH,kampagne-2024-q2,event,,JA,97,07.01.2025,synthetic-normal
mar-000000973,973,  Vektorallee   94,Südwinkel,35187,D,52.5066308,13.3407593,Luca Testmann,alex.demoholz3@example.invalid,Demo Solutions GmbH,kampagne-2024-q1,email,,0,5,08/01/2025,synthetic-normal
mar-000000974,974,  Datenstraße   95,Südwinkel,43106,Deutschland,52.7658182,10.4279801,Robin Testmann,sascha.testmann4@example.invalid,Muster AG,kampagne-2025-q1,email,synth_ads,no,65,2025-01-09,synthetic-normal
mar-000000975,975,Spaltenweg 96,Nordhafen,51025,D,49.9245869,7.3846998,Toni Testmann,chris.testmann5@example.invalid,Synthetika KG,kampagne-2025-q3,email,synth_mail,,46,2025-01-10,synthetic-normal
mar-000000976,976,Spaltenweg 97,Vektorstetten,58944,Deutschland,49.1310191,11.2809591,Robin Synthetik,luca.synthetik6@example.invalid,Demo Solutions GmbH,kampagne-2025-q1,referral,,JA,75,11.01.2025,synthetic-normal
mar-000000977,977,Datenstr. 98,Westbogen,66863,D,51.6986913,7.0221731,Luca Beispiel,toni.datenberg7@example.invalid,Testfabrik UG,kampagne-2024-q3,search,,0,4,2025-01-12,synthetic-normal
mar-000000978,978,Prüfsummenstr. 99,Südwinkel,74782,deu,53.6204758,11.7680168,Luca Muster,sascha.muster8@example.invalid,Demo Solutions GmbH,kampagne-2024-q2,social,synth_ads,,63,2025-01-13,synthetic-normal
mar-000000979,979,Qualitätsring 100,Datenheim,82701,DE,52.7088492,10.9248218,Sascha Muster,robin.beispiel9@example.invalid,Beispiel GmbH,kampagne-2024-q2,email,synth_mail,0,22,2025-01-14,synthetic-normal
mar-000000980,980,  Prüfsummenstraße   175,Datenheim,54446,deu,54.3154803,13.48018,Sascha Datenberg,toni.testmann58@example.invalid,Testfabrik UG,kampagne-2024-q1,social,synth_social,JA,33,2024-08-22,synthetic-normal
mar-000000981,981,Datenstraße 102, Vektorstetten ,18539,D,52.7329813,6.9196649,Kim Testmann,sascha.testmann11@example.invalid,Datenwerk e.K.,kampagne-2024-q2,search,synth_ads,0,70,16/01/2025,synthetic-normal
mar-000000982,982,Pipelineweg 103,Westbogen,26458,D,53.2510917,12.8511961,Robin Muster,chris.testmann12@example.invalid,Datenwerk e.K.,kampagne-2025-q2,newsletter,synth_ads,yes,0,17.01.2025,synthetic-normal
mar-000000983,983,  Spaltenweg   104,Nordhafen,34377,Deutschland,53.51201,8.3663189,Chris Demoholz,nika.datenberg13@example.invalid,Beispiel GmbH,kampagne-2025-q2,email,synth_ads,JA,55,2025/01/18,synthetic-normal
mar-000000984,984,  Datenstraße   105,Westbogen,42296,DE,12.2775328,52.6880866,Sascha Testmann,keine-angabe,Synthetika KG,kampagne-2024-q2,event,synth_social,nein,-5,2025-01-19,synthetic-error
mar-000000985,985,  Prüfsummenstraße   106,Westbogen,50215,deu,50.1721969,12.4756635,Nika Muster,nika.synthetik15@example.invalid,Datenwerk e.K.,kampagne-2024-q1,referral,synth_mail,,55,2025-01-20,synthetic-normal
mar-000000986,986,Spaltenweg 107,Westbogen,58134,D,48.6726367,9.9725155,Kim Synthetik,luca.datenberg16@example.invalid,Beispiel GmbH,kampagne-2024-q4,social,synth_ads,no,16,2025/01/21,synthetic-normal
mar-000000987,987,  Koordinatenplatz   108,Vektorstetten,66053,deu,50.1890672,8.5850762,Kim Synthetik,alex.synthetik17@example.invalid,Synthetika KG,kampagne-2024-q3,email,,false,42,22/01/2025,synthetic-normal
mar-000000988,988,  Spaltenweg   109,Nordhafen,73972,deu,9.3428884,51.0109109,Robin Beispiel,,Testfabrik UG,kampagne-2024-q3,search,synth_ads,JA,250,2025/01/23,synthetic-error
mar-000000989,989,Spaltenweg 110,Nordhafen,81891,D,47.7057987,12.3056231,Toni Demoholz,chris.testmann19@example.invalid,Muster AG,kampagne-2024-q2,referral,synth_social,true,47,2025/01/24,synthetic-normal
mar-000000990,990,Prüfsummenstrasse 111, Datenheim ,89810,deu,48.2600969,200.0,Luca Beispiel,ALEX.DEMOHOLZ20@EXAMPLE.INVALID,Beispiel GmbH,kampagne-2025-q3,social,synth_social,JA,,2025-01-25,synthetic-error
mar-000000991,991,Spaltenweg 112,Datenheim,17729,Deutschland,54.0444236,13.9464051,Toni Beispiel,alex.beispiel21@example.invalid,Datenwerk e.K.,kampagne-2024-q3,social,synth_social,nein,30,2025-01-26,synthetic-normal
mar-000000992,992,Prüfsummenstr. 113,Nordhafen,25648,DE,53.275889,14.4753345,Alex Beispiel,kim.synthetik22@example.invalid,Synthetika KG,kampagne-2024-q1,referral,synth_mail,nein,13,2025-01-27,synthetic-normal
mar-000000993,993,Datenstr. 114,Ostfeld,33567,DE,53.5381979,7.0527114,Alex Beispiel,luca.beispiel23@example.invalid,Datenwerk e.K.,kampagne-2025-q2,newsletter,synth_ads,yes,61,28/01/2025,synthetic-normal
mar-000000994,994,Pipelineweg 115,Westbogen,41486,Deutschland,49.0252254,11.7419095,Luca Datenberg,sascha.datenberg24@example.invalid,Synthetika KG,kampagne-2024-q3,referral,synth_social,true,60,2025-01-29,synthetic-normal
mar-000000995,995,  Vektorallee   116,Westbogen,49405,DE,48.9204522,12.8887135,Kim Beispiel,toni.testmann25@example.invalid,Beispiel GmbH,kampagne-2024-q3,search,,0,87,30.01.2025,synthetic-normal
mar-000000996,996,Spaltenweg 73 ,DATENHEIM,28888,D,51.5536357,10.4431177,Luca Demoholz,nika.synthetik79@example.invalid,Testfabrik UG,kampagne-2025-q4,newsletter,synth_ads,true,5,18/12/2024,synthetic-normal
mar-000000997,997,  Koordinatenplatz   118,Südwinkel,65243,Deutschland,53.9223141,7.1927322,Alex Datenberg,toni.synthetik27@example.invalid,Datenwerk e.K.,kampagne-2024-q1,newsletter,,nein,24,01.02.2025,synthetic-normal
mar-000000998,998,Schemaweg 119,Südwinkel,73162,Deutschland,53.3815347,9.3201507,Toni Datenberg,robin.synthetik28@example.invalid,Beispiel GmbH,kampagne-2025-q2,search,synth_ads,nein,56,02/02/2025,synthetic-normal
mar-000000999,999,Spaltenweg 120, Westbogen ,81081,D,48.5118638,10.9940536,Alex Synthetik,alex.synthetik29@example.invalid,Synthetika KG,kampagne-2025-q2,email,synth_ads,nein,80,03/02/2025,synthetic-normal
